"borough","neighborhood","neighborhood_pop","lat","lon"
"Adalar","Burgazada,Adalar","1418","40.88113","29.07024"
"Adalar","Heybeliada,Adalar","3837","40.87682","29.10167"
"Adalar","Kinaliada,Adalar","1731","40.90941","29.05241"
"Adalar","Maden,Adalar","3916","40.875","29.12984"
"Adalar","Nizam,Adalar","3048","40.87501","29.12913"
"Arnavutkoy","Fatih,Arnavutkoy","1971","41.22479","28.70121"
"Arnavutkoy","Hicret,Arnavutkoy","2223","41.1974","28.75783"
"Arnavutkoy","Tayakadin,Arnavutkoy","2253","41.27023","28.69054"
"Arnavutkoy","Adnan Menderes,Arnavutkoy","2875","41.21245","28.70452"
"Arnavutkoy","Maresal Fevzi cakmak,Arnavutkoy","3501","41.20924","28.72213"
"Arnavutkoy","Mehmet Akif Ersoy,Arnavutkoy","4225","41.2008","28.71237"
"Arnavutkoy","Deliklikaya,Arnavutkoy","4610","41.1121","28.65682"
"Arnavutkoy","omerli,Arnavutkoy","4629","41.12149","28.63094"
"Arnavutkoy","Tasoluk,Arnavutkoy","4664","41.19161","28.71337"
"Arnavutkoy","Bolluca,Arnavutkoy","4873","41.19847","28.76644"
"Arnavutkoy","Ataturk,Arnavutkoy","5543","41.1924","28.76026"
"Arnavutkoy","Mavigol,Arnavutkoy","5582","41.20756","28.76035"
"Arnavutkoy","Nenehatun,Arnavutkoy","5946","41.19623","28.73364"
"Arnavutkoy","Haracci,Arnavutkoy","6253","41.18341","28.70326"
"Arnavutkoy","Karlibayir,Arnavutkoy","6509","41.18322","28.71461"
"Arnavutkoy","Bogazkoy İstiklal,Arnavutkoy","6850","41.18543","28.76756"
"Arnavutkoy","İmrahor,Arnavutkoy","6864","41.21549","28.74639"
"Arnavutkoy","Hastane,Arnavutkoy","6909","41.15426","28.61468"
"Arnavutkoy","Yavuz Selim,Arnavutkoy","7396","41.20877","28.73365"
"Arnavutkoy","Mustafa Kemal Pasa,Arnavutkoy","9511","41.18705","28.72891"
"Arnavutkoy","Yunus Emre,Arnavutkoy","10863","41.18497","28.76032"
"Arnavutkoy","Arnavutkoy Merkez,Arnavutkoy","14495","41.18416","28.7413"
"Arnavutkoy","İslambey,Arnavutkoy","14774","41.19334","28.74938"
"Arnavutkoy","Hadimkoy,Arnavutkoy","17016","41.15556","28.62528"
"Arnavutkoy","Anadolu,Arnavutkoy","26250","41.18847","28.75009"
"Atasehir","Asikveysel,Atasehir","9905","41.00813","29.09073"
"Atasehir","Ataturk,Atasehir","25040","40.9918","29.13027"
"Atasehir","Barbaros,Atasehir","23647","40.99294","29.0984"
"Atasehir","Esatpasa,Atasehir","24050","41.00313","29.08527"
"Atasehir","Ferhatpasa,Atasehir","14817","40.98461","29.18164"
"Atasehir","Fetih,Atasehir","9249","41.00544","29.07468"
"Atasehir","İcerenkoy,Atasehir","59174","40.97126","29.11145"
"Atasehir","İnonu,Atasehir","21962","40.97605","29.13899"
"Atasehir","Kayisdagi,Atasehir","32009","40.98114","29.14741"
"Atasehir","Kucukbakkalkoy,Atasehir","23148","40.98302","29.11887"
"Atasehir","Mevlana,Atasehir","13883","40.98719","29.15293"
"Atasehir","Mimar Sinan,Atasehir","6925","40.98433","29.16119"
"Atasehir","Mustafa Kemal,Atasehir","10939","41.00421","29.09366"
"Atasehir","ornek,Atasehir","22724","40.99561","29.07877"
"Atasehir","Yeni camlica,Atasehir","9768","40.99062","29.16377"
"Atasehir","Yenisahra,Atasehir","7696","40.98972","29.089"
"Atasehir","Yenisehir,Atasehir","10103","40.99355","29.14628"
"Avcilar","Ambarli,Avcilar","29013","40.97668","28.71039"
"Avcilar","Cihangir,Avcilar","49117","40.99294","28.69885"
"Avcilar","Denizkoskler,Avcilar","34455","40.97588","28.73635"
"Avcilar","Firuzkoy,Avcilar","17141","41.01204","28.70581"
"Avcilar","Gumuspala,Avcilar","30787","40.98037","28.73725"
"Avcilar","Merkez,Avcilar","24139","40.98374","28.71804"
"Avcilar","Mustafa Kemalpasa,Avcilar","34941","41.0025","28.70362"
"Avcilar","Tahtakale,Avcilar","41120","41.06216","28.73598"
"Avcilar","universite,Avcilar","16383","40.98988","28.72086"
"Avcilar","Yesilkent,Avcilar","47895","41.03699","28.7017"
"Bagcilar","100. Yil,Bagcilar","32532","41.06378","28.84995"
"Bagcilar","15 temmuz,Bagcilar","34960","41.03799","28.81169"
"Bagcilar","Baglar,Bagcilar","12145","41.02528","28.82127"
"Bagcilar","Barbaros,Bagcilar","14861","41.02907","28.83813"
"Bagcilar","cinar,Bagcilar","25354","41.03955","28.86477"
"Bagcilar","Demirkapi,Bagcilar","36866","41.05058","28.83108"
"Bagcilar","Fatih,Bagcilar","29500","41.05267","28.84442"
"Bagcilar","Fevzi cakmak,Bagcilar","23378","41.0429","28.85174"
"Bagcilar","Goztepe,Bagcilar","26824","41.05923","28.83939"
"Bagcilar","Gunesli,Bagcilar","33912","41.04105","28.83172"
"Bagcilar","Hurriyet,Bagcilar","19716","41.02854","28.8352"
"Bagcilar","İnonu,Bagcilar","17204","41.03012","28.85144"
"Bagcilar","Kazim Karabekir,Bagcilar","19812","41.0292","28.8437"
"Bagcilar","Kemalpasa,Bagcilar","23311","41.05118","28.85206"
"Bagcilar","Kirazli,Bagcilar","29657","41.03051","28.83949"
"Bagcilar","Mahmutbey,Bagcilar","17908","41.04958","28.82116"
"Bagcilar","Merkez,Bagcilar","19408","41.03217","28.85749"
"Bagcilar","Sancaktepe,Bagcilar","14142","41.03728","28.85368"
"Bagcilar","Yavuz Selim,Bagcilar","20449","41.0386","28.84842"
"Bagcilar","Yenigun,Bagcilar","15967","41.02375","28.8589"
"Bagcilar","Yenimahalle,Bagcilar","24978","41.04239","28.83577"
"Bagcilar","Yildiztepe,Bagcilar","27189","41.0247","28.85324"
"Bahcelievler","Bahcelievler,Bahcelievler","46620","40.99805","28.84737"
"Bahcelievler","cobancesme,Bahcelievler","24836","41.0032","28.82658"
"Bahcelievler","Cumhuriyet,Bahcelievler","29948","41.01791","28.8583"
"Bahcelievler","Fevzi cakmak,Bahcelievler","18951","41.00315","28.8329"
"Bahcelievler","Hurriyet,Bahcelievler","35663","41.00126","28.84063"
"Bahcelievler","Kocasinan Merkez,Bahcelievler","53111","41.01335","28.84574"
"Bahcelievler","sirinevler,Bahcelievler","47583","41.00331","28.8465"
"Bahcelievler","Siyavuspasa,Bahcelievler","51172","41.00367","28.85224"
"Bahcelievler","Soganli,Bahcelievler","53059","41.01109","28.85564"
"Bahcelievler","Yenibosna Merkez,Bahcelievler","26301","41.01333","28.8226"
"Bahcelievler","Zafer,Bahcelievler","61849","41.00397","28.83598"
"Bakirkoy","Atakoy 1. Kisim,Bakirkoy","1398","40.97768","28.86747"
"Bakirkoy","Atakoy 2-5-6. Kisim,Bakirkoy","11190","40.97649","28.86134"
"Bakirkoy","Atakoy 3-4-11. Kisim,Bakirkoy","6736","40.98586","28.85697"
"Bakirkoy","Atakoy 7-8-9-10. Kisim,Bakirkoy","21187","40.98552","28.84694"
"Bakirkoy","Basinkoy,Bakirkoy","4534","40.97785","28.77509"
"Bakirkoy","Cevizlik,Bakirkoy","4459","40.97909","28.87603"
"Bakirkoy","Kartaltepe,Bakirkoy","30576","40.985","28.87813"
"Bakirkoy","Osmaniye,Bakirkoy","18904","40.99474","28.87617"
"Bakirkoy","Sakizagaci,Bakirkoy","7161","40.97825","28.87982"
"Bakirkoy","senlikkoy,Bakirkoy","22007","40.97597","28.79569"
"Bakirkoy","Yenimahalle,Bakirkoy","5662","40.98056","28.88148"
"Bakirkoy","Yesilkoy,Bakirkoy","20011","40.96186","28.81745"
"Bakirkoy","Yesilyurt,Bakirkoy","7105","40.96493","28.84152"
"Bakirkoy","Zeytinlik,Bakirkoy","4499","40.9772","28.87373"
"Bakirkoy","Zuhuratbaba,Bakirkoy","18364","40.99002","28.86779"
"Basaksehir","Altinsehir,Basaksehir","11473","41.06685","28.74572"
"Basaksehir","Ziya Gokalp,Basaksehir","19484","41.07504","28.78992"
"Basaksehir","sahintepe,Basaksehir","22249","41.07935","28.73139"
"Basaksehir","Bahcesehir 1. Kisim,Basaksehir","22934","41.06675","28.69212"
"Basaksehir","Bahcesehir 2. Kisim,Basaksehir","37365","41.08122","28.67002"
"Basaksehir","Guvercintepe,Basaksehir","43507","41.08671","28.7498"
"Basaksehir","Basaksehir,Basaksehir","44928","41.10745","28.80061"
"Basaksehir","Basak,Basaksehir","49899","41.1138","28.80468"
"Basaksehir","Kayabasi,Basaksehir","64773","41.1172","28.76088"
"Bayrampasa","Altintepsi,Bayrampasa","21884","41.0385","28.89879"
"Bayrampasa","Cevatpasa,Bayrampasa","13970","41.07097","28.8833"
"Bayrampasa","İsmet Pasa,Bayrampasa","11108","41.04088","28.91146"
"Bayrampasa","Kartaltepe,Bayrampasa","33221","41.05956","28.90136"
"Bayrampasa","Kocatepe,Bayrampasa","15628","41.05805","28.89305"
"Bayrampasa","Muratpasa,Bayrampasa","26108","41.0512","28.91118"
"Bayrampasa","Orta,Bayrampasa","11564","41.035838700046","28.902728409016"
"Bayrampasa","Terazidere,Bayrampasa","12062","41.03137","28.9029"
"Bayrampasa","Vatan,Bayrampasa","7077","41.03216","28.90865"
"Bayrampasa","Yenidogan,Bayrampasa","14222","41.04335","28.91425"
"Bayrampasa","Yildirim,Bayrampasa","40031","41.06526","28.89074"
"Besiktas","Abbasaga,Besiktas","4087","41.04892","29.00449"
"Besiktas","Akat,Besiktas","12445","41.08554","29.02563"
"Besiktas","Arnavutkoy,Besiktas","3214","41.06719","29.0417"
"Besiktas","Balmumcu,Besiktas","2464","41.05935","29.01443"
"Besiktas","Bebek,Besiktas","4630","41.08111","29.04416"
"Besiktas","Cihannuma,Besiktas","3209","41.04883","29.00742"
"Besiktas","Dikilitas,Besiktas","14035","41.05647","29.00289"
"Besiktas","Etiler,Besiktas","9348","41.08595","29.03743"
"Besiktas","Gayrettepe,Besiktas","11426","41.06311","29.00445"
"Besiktas","Konaklar,Besiktas","12240","41.09329","29.01307"
"Besiktas","Kultur,Besiktas","4040","41.073","29.03406"
"Besiktas","Kurucesme,Besiktas","2579","41.06358","29.03511"
"Besiktas","Levazim,Besiktas","5079","41.06482","29.01955"
"Besiktas","Levent,Besiktas","2468","41.08279","29.01425"
"Besiktas","Mecidiye,Besiktas","8966","41.05075","29.02028"
"Besiktas","Muradiye,Besiktas","4294","41.04804","29.0002"
"Besiktas","Nisbetiye,Besiktas","10359","41.07173","29.02464"
"Besiktas","Ortakoy,Besiktas","7858","41.05494","29.02783"
"Besiktas","Sinanpasa,Besiktas","2024","41.04183","29.0054"
"Besiktas","Turkali,Besiktas","8577","41.04643","29.00307"
"Besiktas","Ulus,Besiktas","5806","41.06454","29.02691"
"Besiktas","Visnezade,Besiktas","5390","41.04141","29.00342"
"Besiktas","Yildiz,Besiktas","5400","41.04952","29.01372"
"Beykoz","Cumhuriyet,Beykoz","1442","41.12862","29.25766"
"Beykoz","Anadolu Kavagi,Beykoz","1601","41.17633","29.09171"
"Beykoz","Gorele,Beykoz","1620","41.1089","29.14591"
"Beykoz","Riva,Beykoz","2027","41.2242","29.22622"
"Beykoz","Akbaba,Beykoz","2099","41.15333","29.11573"
"Beykoz","Anadolu Hisari,Beykoz","2104","41.08365","29.06729"
"Beykoz","Elmali,Beykoz","2292","41.1364","29.1324"
"Beykoz","Goksu,Beykoz","2304","41.08124","29.0685"
"Beykoz","Baklaci,Beykoz","2332","41.06379","29.13754"
"Beykoz","ornekkoy,Beykoz","3035","41.14179","29.15014"
"Beykoz","Fatih,Beykoz","3129","41.09001","29.12287"
"Beykoz","Pasabahce,Beykoz","3131","41.11516","29.09372"
"Beykoz","Kanlica,Beykoz","3389","41.09769","29.07186"
"Beykoz","cengeldere,Beykoz","3785","41.09502","29.14604"
"Beykoz","Yavuz Selim,Beykoz","3820","41.08708","29.16587"
"Beykoz","ciftlik,Beykoz","3998","41.07962","29.13893"
"Beykoz","Yalikoy,Beykoz","4152","41.1382","29.08606"
"Beykoz","Merkez,Beykoz","4662","41.13468","29.09616"
"Beykoz","camlibahce,Beykoz","4859","41.14736","29.08443"
"Beykoz","Acarlar,Beykoz","5859","41.12145","29.147"
"Beykoz","Ruzgarlibahce,Beykoz","6075","41.09487","29.09979"
"Beykoz","Ortacesme,Beykoz","6115","41.14614","29.09323"
"Beykoz","Goztepe,Beykoz","6982","41.08166","29.08868"
"Beykoz","Soguksu,Beykoz","8319","41.11439","29.114"
"Beykoz","cigdem,Beykoz","8925","41.11073","29.09597"
"Beykoz","Gumussuyu,Beykoz","10901","41.12725","29.10889"
"Beykoz","Tokatkoy,Beykoz","11503","41.15241","29.0927"
"Beykoz","İncirkoy,Beykoz","13623","41.1191","29.10571"
"Beykoz","Yeni Mahalle,Beykoz","14738","41.06768","29.07737"
"Beykoz","cubuklu,Beykoz","16063","41.10165","29.08726"
"Beykoz","Kavacik,Beykoz","17202","41.09275","29.08257"
"Beylikduzu","Adnan Kahveci,Beylikduzu","73340","41.01122","28.63006"
"Beylikduzu","Baris,Beylikduzu","42404","41.00524","28.65624"
"Beylikduzu","Buyuksehir,Beylikduzu","16731","41.00743","28.64597"
"Beylikduzu","Cumhuriyet,Beylikduzu","17416","41.01521","28.63937"
"Beylikduzu","Dereagzi,Beylikduzu","11526","40.98091","28.61139"
"Beylikduzu","Gurpinar,Beylikduzu","15155","40.99553","28.60653"
"Beylikduzu","Kavakli,Beylikduzu","30930","40.98025","28.63813"
"Beylikduzu","Marmara,Beylikduzu","20766","40.97772","28.67495"
"Beylikduzu","Sahil,Beylikduzu","3776","40.96455","28.64443"
"Beylikduzu","Yakuplu,Beylikduzu","35076","40.99376","28.67196"
"Beyoglu","Arap Cami,Beyoglu","99","41.0228","28.97269"
"Beyoglu","Asmali Mescit,Beyoglu","450","41.0288","28.9744"
"Beyoglu","Bedrettin,Beyoglu","540","41.02899","28.96914"
"Beyoglu","Bereketzade,Beyoglu","394","41.02471","28.97327"
"Beyoglu","Bostan,Beyoglu","1659","41.03859","28.97649"
"Beyoglu","Bulbul,Beyoglu","2649","41.0389","28.98002"
"Beyoglu","Camiikebir,Beyoglu","2250","41.03267","28.9678"
"Beyoglu","catma Mescit,Beyoglu","1675","41.03233","28.97137"
"Beyoglu","Cihangir,Beyoglu","3096","41.0326","28.98573"
"Beyoglu","cukur,Beyoglu","1766","41.03701","28.97817"
"Beyoglu","Emekyemez,Beyoglu","169","41.02538","28.9699"
"Beyoglu","Evliya celebi,Beyoglu","237","41.02866","28.97222"
"Beyoglu","Fetihtepe,Beyoglu","11111","41.04928","28.95779"
"Beyoglu","Firuzaga,Beyoglu","3408","41.03115","28.98014"
"Beyoglu","Gumussuyu,Beyoglu","1613","41.03927","28.98865"
"Beyoglu","Haciahmet,Beyoglu","10742","41.04285","28.97322"
"Beyoglu","Hacimimi,Beyoglu","1094","41.02686","28.97893"
"Beyoglu","Halicioglu,Beyoglu","10141","41.05159","28.95191"
"Beyoglu","Huseyinaga,Beyoglu","406","41.03556","28.97773"
"Beyoglu","İstiklal,Beyoglu","3425","41.04176","28.96887"
"Beyoglu","Kadimehmet Efendi,Beyoglu","7496","41.03497","28.96357"
"Beyoglu","Kalyoncu Kullugu,Beyoglu","2413","41.03649","28.97589"
"Beyoglu","Kamer Hatun,Beyoglu","757","41.03525","28.97497"
"Beyoglu","Kaptanpasa,Beyoglu","14636","41.0413","28.96337"
"Beyoglu","Katipmustafa celebi,Beyoglu","685","41.03523","28.98325"
"Beyoglu","Kececi Piri,Beyoglu","10721","41.0413","28.95824"
"Beyoglu","Kemankes Karamustafapasa,Beyoglu","88","41.0252","28.97899"
"Beyoglu","Kilicali Pasa,Beyoglu","2174","41.02959","28.98391"
"Beyoglu","Kocatepe,Beyoglu","1559","41.03982","28.98249"
"Beyoglu","Kucuk Piyale,Beyoglu","6885","41.03747","28.96791"
"Beyoglu","Kulaksiz,Beyoglu","7181","41.03745","28.96059"
"Beyoglu","Kuloglu,Beyoglu","1309","41.03253","28.98091"
"Beyoglu","Mueyyetzade,Beyoglu","444","41.02365","28.97576"
"Beyoglu","omer Avni,Beyoglu","1812","41.03575","28.99382"
"Beyoglu","ornektepe,Beyoglu","7972","41.05784","28.953"
"Beyoglu","Piripasa,Beyoglu","12051","41.04293","28.94885"
"Beyoglu","Piyalepasa,Beyoglu","16647","41.05083","28.95997"
"Beyoglu","Purtelas Hasan Efendi,Beyoglu","1610","41.03239","28.9874"
"Beyoglu","sahkulu,Beyoglu","691","41.02829","28.97426"
"Beyoglu","sehit Muhtar,Beyoglu","1182","41.03701","28.98181"
"Beyoglu","Sururi Mehmet Efendi,Beyoglu","3419","41.03747","28.97341"
"Beyoglu","Sutluce,Beyoglu","9524","41.05279","28.94903"
"Beyoglu","Tomtom,Beyoglu","2184","41.03113","28.97847"
"Beyoglu","Yahya Kahya,Beyoglu","2782","41.03387","28.97083"
"Beyoglu","Yenisehir,Beyoglu","4334","41.04176","28.97848"
"Buyukcekmece","19 mayis,Buyukcekmece","6596","41.02508","28.58687"
"Buyukcekmece","Ahmediye,Buyukcekmece","827","41.08889","28.51664"
"Buyukcekmece","Alkent 2000,Buyukcekmece","4100","41.08761","28.62204"
"Buyukcekmece","Ataturk,Buyukcekmece","14424","41.01218","28.60722"
"Buyukcekmece","Bahcelievler,Buyukcekmece","2863","41.01866","28.48876"
"Buyukcekmece","cakmakli,Buyukcekmece","3632","41.05752","28.62308"
"Buyukcekmece","Celaliye,Buyukcekmece","4578","41.04997","28.39456"
"Buyukcekmece","Cumhuriyet,Buyukcekmece","5809","41.02288","28.62113"
"Buyukcekmece","Dizdariye,Buyukcekmece","5246","41.02299","28.57643"
"Buyukcekmece","Ekinoba,Buyukcekmece","9910","41.0118","28.53692"
"Buyukcekmece","Fatih,Buyukcekmece","15726","41.02028","28.59092"
"Buyukcekmece","Guzelce,Buyukcekmece","6080","41.00927","28.51692"
"Buyukcekmece","Hurriyet,Buyukcekmece","15109","41.03126","28.54444"
"Buyukcekmece","Kamiloba,Buyukcekmece","6079","41.0387","28.43655"
"Buyukcekmece","Karaagac,Buyukcekmece","2659","41.10779","28.58628"
"Buyukcekmece","Kumburgaz,Buyukcekmece","5928","41.03436","28.46025"
"Buyukcekmece","Mimaroba,Buyukcekmece","14236","41.00678","28.53786"
"Buyukcekmece","Mimarsinan,Buyukcekmece","6611","41.01714","28.56009"
"Buyukcekmece","Murat cesme,Buyukcekmece","11935","41.01546","28.53817"
"Buyukcekmece","Pinartepe,Buyukcekmece","15044","40.99552","28.61367"
"Buyukcekmece","Sinanoba,Buyukcekmece","11991","40.99548","28.53982"
"Buyukcekmece","Turkoba,Buyukcekmece","9405","41.03455","28.52386"
"Buyukcekmece","Ulus,Buyukcekmece","11403","41.02764","28.55001"
"Buyukcekmece","Yenimahalle,Buyukcekmece","1640","41.02402","28.4723"
"Catalca","canakca,catalca","2187","41.24532","28.49375"
"Catalca","Kaleici,catalca","5760","41.15027","28.45312"
"Catalca","Ferhatpasa,catalca","19256","41.14224","28.46179"
"Cekmekoy","Resadiye,cekmekoy","1768","41.07641","29.25045"
"Cekmekoy","omerli,cekmekoy","3303","41.08787","29.33712"
"Cekmekoy","Nisantepe,cekmekoy","5504","41.04383","29.25757"
"Cekmekoy","Eksioglu,cekmekoy","5913","41.03271","29.23803"
"Cekmekoy","Sogukpinar,cekmekoy","6233","41.02535","29.23309"
"Cekmekoy","Alemdag,cekmekoy","6268","41.0459","29.23866"
"Cekmekoy","Kirazlidere,cekmekoy","6931","41.01873","29.2144"
"Cekmekoy","Gungoren,cekmekoy","7156","41.0274","29.2218"
"Cekmekoy","Tasdelen,cekmekoy","7362","41.03251","29.23161"
"Cekmekoy","catalmese,cekmekoy","8450","41.06137","29.24486"
"Cekmekoy","Cumhuriyet,cekmekoy","10867","41.0232","29.22412"
"Cekmekoy","Sultanciftligi,cekmekoy","12284","41.03106","29.22641"
"Cekmekoy","Aydinlar,cekmekoy","13188","41.01772","29.23071"
"Cekmekoy","camlik,cekmekoy","15188","41.01421","29.1944"
"Cekmekoy","Mimar Sinan,cekmekoy","18299","41.03263","29.17732"
"Cekmekoy","Merkez,cekmekoy","20083","41.04033","29.18051"
"Cekmekoy","Hamidiye,cekmekoy","21744","41.02827","29.18957"
"Cekmekoy","Mehmet Akif,cekmekoy","23045","41.01835","29.18756"
"Esenler","15 temmuz,Esenler","2758","41.03799","28.81169"
"Esenler","Birlik,Esenler","19876","41.05209","28.87194"
"Esenler","cifte Havuzlar,Esenler","1818","41.02575","28.8966"
"Esenler","Davutpasa,Esenler","12190","41.03385","28.8931"
"Esenler","Fatih,Esenler","30733","41.0407","28.86429"
"Esenler","Fevzi cakmak,Esenler","23345","41.04874","28.87805"
"Esenler","Havaalani,Esenler","24123","41.05478","28.8706"
"Esenler","Kazim Karabekir,Esenler","25773","41.04768","28.87638"
"Esenler","Kemer,Esenler","15699","41.05187","28.87821"
"Esenler","Menderes,Esenler","23228","41.03982","28.87674"
"Esenler","Mimar Sinan,Esenler","10119","41.03568","28.88768"
"Esenler","Namik Kemal,Esenler","11853","41.03114","28.89504"
"Esenler","Nine Hatun,Esenler","30277","41.03885","28.8783"
"Esenler","Orucreis,Esenler","29258","41.06253","28.85903"
"Esenler","Tuna,Esenler","23189","41.04758","28.86522"
"Esenler","Turgut Reis,Esenler","32632","41.06182","28.86171"
"Esenler","Yavuz Selim,Esenler","2796","41.03579","28.89141"
"Esenyurt","Akcaburgaz,Esenyurt","16017","41.06988","28.62813"
"Esenyurt","Akevler,Esenyurt","9468","41.02041","28.67524"
"Esenyurt","Aksemseddin,Esenyurt","5307","41.01677","28.6977"
"Esenyurt","Ardicli,Esenyurt","5098","41.04295","28.67586"
"Esenyurt","Asik Veysel,Esenyurt","12277","41.05964","28.67535"
"Esenyurt","Ataturk,Esenyurt","10346","41.03777","28.63064"
"Esenyurt","Baglarcesme,Esenyurt","20634","41.03649","28.67274"
"Esenyurt","Balikyolu,Esenyurt","19386","41.03532","28.68918"
"Esenyurt","Barbaros Hayrettin Pasa,Esenyurt","19466","41.02078","28.63937"
"Esenyurt","Battalgazi,Esenyurt","11366","41.03785","28.65706"
"Esenyurt","cinar,Esenyurt","19692","41.0416","28.665"
"Esenyurt","Cumhuriyet,Esenyurt","10764","41.01725","28.6483"
"Esenyurt","Esenkent,Esenyurt","7241","41.05902","28.67937"
"Esenyurt","Fatih,Esenyurt","18215","41.02954","28.67472"
"Esenyurt","Gokevler,Esenyurt","9135","41.02482","28.63331"
"Esenyurt","Guzelyurt,Esenyurt","12769","41.00993","28.66569"
"Esenyurt","Hurriyet,Esenyurt","17657","41.03144","28.64656"
"Esenyurt","İncirtepe,Esenyurt","19301","41.02035","28.69477"
"Esenyurt","İnonu,Esenyurt","17965","41.02711","28.69072"
"Esenyurt","İstiklal,Esenyurt","12702","41.03715","28.64858"
"Esenyurt","Koza,Esenyurt","6485","41.05904","28.66677"
"Esenyurt","Mehmet Akif Ersoy,Esenyurt","18504","41.01355","28.66683"
"Esenyurt","Mehtercesme,Esenyurt","26070","41.01786","28.66423"
"Esenyurt","Mevlana,Esenyurt","11688","41.01216","28.65964"
"Esenyurt","Namik Kemal,Esenyurt","16848","41.00695","28.68975"
"Esenyurt","Necip Fazil Kisakurek,Esenyurt","12528","41.03085","28.65261"
"Esenyurt","Orhan Gazi,Esenyurt","8807","41.07562","28.65351"
"Esenyurt","ornek,Esenyurt","14134","41.04545","28.67344"
"Esenyurt","Osmangazi,Esenyurt","21421","41.04243","28.64298"
"Esenyurt","Pinar,Esenyurt","26489","41.03407","28.66477"
"Esenyurt","Piri Reis,Esenyurt","11779","41.02193","28.65391"
"Esenyurt","Saadetdere,Esenyurt","17359","41.00696","28.69648"
"Esenyurt","sehitler,Esenyurt","11276","41.03384","28.65678"
"Esenyurt","Selahaddin Eyyubi,Esenyurt","17515","41.05729","28.65806"
"Esenyurt","Suleymaniye,Esenyurt","22112","41.0428","28.68349"
"Esenyurt","Sultaniye,Esenyurt","14553","41.03354","28.68378"
"Esenyurt","Talatpasa,Esenyurt","18615","41.02239","28.67286"
"Esenyurt","Turgut ozal,Esenyurt","18947","41.00328","28.69342"
"Esenyurt","ucevler,Esenyurt","18177","41.02767","28.6781"
"Esenyurt","Yenikent,Esenyurt","16183","41.03948","28.68213"
"Esenyurt","Yesilkent,Esenyurt","25831","41.02514","28.66204"
"Esenyurt","Yunus Emre,Esenyurt","14656","41.02849","28.69386"
"Esenyurt","Zafer,Esenyurt","13662","41.01625","28.6881"
"Eyupsultan","Pirincci,Eyupsultan","2486","41.16429","28.85112"
"Eyupsultan","Defterdar,Eyupsultan","3484","41.03484","28.93841"
"Eyupsultan","Topcular,Eyupsultan","3928","41.04201","28.92329"
"Eyupsultan","Mimar Sinan,Eyupsultan","4035","41.15507","28.91852"
"Eyupsultan","Mithatpasa,Eyupsultan","5035","41.15826","28.91204"
"Eyupsultan","Silahtaraga,Eyupsultan","7303","41.06241","28.9409"
"Eyupsultan","Emniyettepe,Eyupsultan","7582","41.06628","28.94828"
"Eyupsultan","Sakarya,Eyupsultan","7873","41.06278","28.93621"
"Eyupsultan","Alibeykoy,Eyupsultan","8617","41.0762","28.94596"
"Eyupsultan","Merkez,Eyupsultan","8750","41.05444","28.93308"
"Eyupsultan","Rami Yeni,Eyupsultan","11166","41.05162","28.91912"
"Eyupsultan","Rami Cuma,Eyupsultan","11613","41.04966","28.9213"
"Eyupsultan","Nisanci,Eyupsultan","12262","41.0417","28.93017"
"Eyupsultan","İslambey,Eyupsultan","12581","41.05139","28.92704"
"Eyupsultan","Dugmeciler,Eyupsultan","13725","41.04638","28.92586"
"Eyupsultan","Esentepe,Eyupsultan","15821","41.07455","28.94497"
"Eyupsultan","Karadolap,Eyupsultan","22779","41.07441","28.93739"
"Eyupsultan","circir,Eyupsultan","25949","41.07996","28.93539"
"Eyupsultan","Yesilpinar,Eyupsultan","27909","41.08155","28.9199"
"Eyupsultan","Gokturk Merkez,Eyupsultan","28639","41.17651","28.89082"
"Eyupsultan","Aksemsettin,Eyupsultan","30546","41.08235","28.92202"
"Eyupsultan","Guzeltepe,Eyupsultan","31852","41.07455","28.95497"
"Fatih","Tahtakale,Fatih","15","41.01588","28.96914"
"Fatih","Rustempasa,Fatih","16","41.01763","28.96933"
"Fatih","Sururi,Fatih","24","41.01443","28.9709"
"Fatih","Mercan,Fatih","41","41.01242","28.96651"
"Fatih","Hobyar,Fatih","63","41.01594","28.97303"
"Fatih","Taya Hatun,Fatih","87","41.01292","28.9705"
"Fatih","Molla Fenari,Fatih","91","41.01034","28.97121"
"Fatih","Beyazit,Fatih","95","41.01077","28.96623"
"Fatih","Balabanaga,Fatih","121","41.01051","28.95834"
"Fatih","Mesihpasa,Fatih","165","41.00823","28.95547"
"Fatih","Demirtas,Fatih","166","41.01852","28.96545"
"Fatih","Hocapasa,Fatih","214","41.01648","28.98477"
"Fatih","Yavuz Sinan,Fatih","237","41.02078","28.96226"
"Fatih","Haci Kadin,Fatih","258","41.01886","28.95943"
"Fatih","Mimar Kemalettin,Fatih","261","41.00864","28.95841"
"Fatih","Alemdar,Fatih","275","41.00943","28.97596"
"Fatih","Hoca Giyasettin,Fatih","401","41.01906","28.96189"
"Fatih","Suleymaniye,Fatih","452","41.01537","28.96554"
"Fatih","Kemalpasa,Fatih","511","41.01131","28.95542"
"Fatih","Sultan Ahmet,Fatih","543","41.00333","28.97807"
"Fatih","Mimar Hayrettin,Fatih","619","41.00749","28.96793"
"Fatih","Emin Sinan,Fatih","851","41.00724","28.96975"
"Fatih","Molla Husrev,Fatih","928","41.01581","28.9589"
"Fatih","Cankurtaran,Fatih","950","41.00792","28.98137"
"Fatih","Sarac İshak,Fatih","993","41.00683","28.96339"
"Fatih","Kalenderhane,Fatih","1055","41.01342","28.95907"
"Fatih","Binbirdirek,Fatih","1263","41.00712","28.97236"
"Fatih","Muhsine Hatun,Fatih","1556","41.00428","28.96363"
"Fatih","Kucuk Ayasofya,Fatih","1662","41.00382","28.97324"
"Fatih","sehsuvar Bey,Fatih","1748","41.00321","28.96859"
"Fatih","Katip Kasim,Fatih","1871","41.00612","28.95534"
"Fatih","Nisanca,Fatih","5223","41.00533","28.95871"
"Fatih","Cibali,Fatih","5664","41.02312","28.95823"
"Fatih","Cerrahpasa,Fatih","6840","41.00665","28.93955"
"Fatih","Ali Kuscu,Fatih","8108","41.02163","28.94896"
"Fatih","Haseki Sultan,Fatih","8290","41.01045","28.94137"
"Fatih","Aksaray,Fatih","8351","41.0076","28.94973"
"Fatih","Karagumruk,Fatih","8803","41.02751","28.93718"
"Fatih","Topkapi,Fatih","9038","41.01877","28.93305"
"Fatih","Balat,Fatih","9373","41.0295","28.94763"
"Fatih","Zeyrek,Fatih","10353","41.01902","28.95498"
"Fatih","Atikali,Fatih","10577","41.02552","28.94341"
"Fatih","İskenderpasa,Fatih","11732","41.01386","28.94807"
"Fatih","Sumbul Efendi,Fatih","12732","41.00151","28.92588"
"Fatih","Ayvansaray,Fatih","12754","41.03488","28.94232"
"Fatih","Molla Gurani,Fatih","12904","41.01333","28.94209"
"Fatih","Silivrikapi,Fatih","12960","41.00525","28.92681"
"Fatih","Yavuz Sultan Selim,Fatih","13241","41.02702","28.95465"
"Fatih","Yedikule,Fatih","13343","40.99574","28.92619"
"Fatih","Dervis Ali,Fatih","13680","41.02832","28.94132"
"Fatih","Mevlanakapi,Fatih","15467","41.01378","28.92389"
"Fatih","Koca Mustafapasa,Fatih","16595","41.00227","28.93201"
"Fatih","sehremini,Fatih","17485","41.01436","28.93028"
"Fatih","Hirka-i serif,Fatih","17678","41.02207","28.94186"
"Fatih","Aksemsettin,Fatih","18027","41.01875","28.94582"
"Fatih","Seyyid omer,Fatih","20664","41.00946","28.93133"
"Gaziosmanpasa","Baglarbasi,Gaziosmanpasa","21695","41.06423","28.91455"
"Gaziosmanpasa","Barbaros Hayrettin Pasa,Gaziosmanpasa","35823","41.07618","28.88773"
"Gaziosmanpasa","Fevzi cakmak,Gaziosmanpasa","17002","41.07135","28.90527"
"Gaziosmanpasa","Hurriyet,Gaziosmanpasa","21372","41.06572","28.90123"
"Gaziosmanpasa","Karadeniz,Gaziosmanpasa","50547","41.08349","28.89084"
"Gaziosmanpasa","Karayollari,Gaziosmanpasa","26643","41.08537","28.90389"
"Gaziosmanpasa","Karlitepe,Gaziosmanpasa","14721","41.05754","28.92779"
"Gaziosmanpasa","Kazim Karabekir,Gaziosmanpasa","31668","41.08214","28.91353"
"Gaziosmanpasa","Merkez,Gaziosmanpasa","22227","41.05705","28.91454"
"Gaziosmanpasa","Mevlana,Gaziosmanpasa","17023","41.08707","28.9129"
"Gaziosmanpasa","Pazarici,Gaziosmanpasa","9538","41.05972","28.93447"
"Gaziosmanpasa","Sarigol,Gaziosmanpasa","19183","41.05798","28.91957"
"Gaziosmanpasa","semsipasa,Gaziosmanpasa","18700","41.06879","28.90552"
"Gaziosmanpasa","Yenidogan,Gaziosmanpasa","6561","41.06336","28.92242"
"Gaziosmanpasa","Yeni Mahalle,Gaziosmanpasa","26595","41.0748","28.90267"
"Gaziosmanpasa","Yildiztabya,Gaziosmanpasa","18577","41.06917","28.92771"
"Gungoren","Abdurrahman Nafiz Gurman,Gungoren","17583","41.00304","28.88672"
"Gungoren","Akincilar,Gungoren","15422","41.01609","28.86853"
"Gungoren","Gencosman,Gungoren","28192","41.0292","28.8759"
"Gungoren","Gunestepe,Gungoren","36045","41.02586","28.86442"
"Gungoren","Guven,Gungoren","13100","41.0119","28.87396"
"Gungoren","Haznedar,Gungoren","16363","41.00824","28.87028"
"Gungoren","Maresal cakmak,Gungoren","22791","41.01711","28.86304"
"Gungoren","Mehmet Nesih ozmen,Gungoren","7317","41.01627","28.88366"
"Gungoren","Merkez,Gungoren","33510","41.02203","28.87306"
"Gungoren","Sanayi,Gungoren","9500","41.02201","28.88264"
"Gungoren","Tozkoparan,Gungoren","14422","41.01537","28.89683"
"Kadikoy","19 mayis,Kadikoy","27317","40.97618","29.08916"
"Kadikoy","Acibadem,Kadikoy","25498","41.00228","29.03877"
"Kadikoy","Bostanci,Kadikoy","29111","40.95635","29.09359"
"Kadikoy","Caddebostan,Kadikoy","17930","40.96688","29.06409"
"Kadikoy","Caferaga,Kadikoy","20397","40.98517","29.02572"
"Kadikoy","Dumlupinar,Kadikoy","10676","40.99343","29.06049"
"Kadikoy","Egitim,Kadikoy","11460","40.9888","29.04864"
"Kadikoy","Erenkoy,Kadikoy","30575","40.97146","29.07686"
"Kadikoy","Fenerbahce,Kadikoy","17625","40.97424","29.044"
"Kadikoy","Feneryolu,Kadikoy","22755","40.98239","29.04934"
"Kadikoy","Fikirtepe,Kadikoy","9354","40.99508","29.05039"
"Kadikoy","Goztepe,Kadikoy","34594","40.97761","29.06195"
"Kadikoy","Hasanpasa,Kadikoy","12754","40.99648","29.04456"
"Kadikoy","Kosuyolu,Kadikoy","6224","41.00774","29.03496"
"Kadikoy","Kozyatagi,Kadikoy","31924","40.96805","29.09564"
"Kadikoy","Merdivenkoy,Kadikoy","29183","40.98749","29.0684"
"Kadikoy","Osmanaga,Kadikoy","8267","40.99109","29.02634"
"Kadikoy","Rasimpasa,Kadikoy","11735","40.99524","29.02669"
"Kadikoy","Sahrayicedit,Kadikoy","26385","40.98436","29.08463"
"Kadikoy","Suadiye,Kadikoy","22932","40.96327","29.08079"
"Kadikoy","Zuhtupasa,Kadikoy","7079","40.98707","29.03827"
"Kagithane","caglayan,Kagithane","23178","41.08087","28.98131"
"Kagithane","celiktepe,Kagithane","26065","41.08398","28.99937"
"Kagithane","Emniyet Evleri,Kagithane","6720","41.08721","29.00269"
"Kagithane","Gultepe,Kagithane","11039","41.08019","28.9938"
"Kagithane","Gursel,Kagithane","23322","41.07043","28.97231"
"Kagithane","Hamidiye,Kagithane","28339","41.09399","28.97383"
"Kagithane","Harmantepe,Kagithane","16683","41.08187","28.99138"
"Kagithane","Hurriyet,Kagithane","15511","41.07292","28.98585"
"Kagithane","Mehmet Akif Ersoy,Kagithane","9562","41.0573","28.95604"
"Kagithane","Merkez,Kagithane","24192","41.08046","28.97158"
"Kagithane","Nurtepe,Kagithane","19858","41.07886","28.96496"
"Kagithane","Ortabayir,Kagithane","18193","41.07871","29.00131"
"Kagithane","Seyrantepe,Kagithane","17313","41.09751","28.99021"
"Kagithane","sirintepe,Kagithane","16244","41.08979","28.99245"
"Kagithane","Sultan Selim,Kagithane","27344","41.08881","28.99839"
"Kagithane","Talatpasa,Kagithane","25566","41.06294","28.96419"
"Kagithane","Telsizler,Kagithane","9030","41.07881","28.99829"
"Kagithane","Yahya Kemal,Kagithane","12225","41.08555","28.98772"
"Kagithane","Yesilce,Kagithane","9134","41.09704","28.99901"
"Kartal","Atalar,Kartal","25553","40.90542","29.17231"
"Kartal","cavusoglu,Kartal","12011","40.89096","29.20009"
"Kartal","Cevizli,Kartal","20492","40.91325","29.17326"
"Kartal","Cumhuriyet,Kartal","17418","40.90787","29.2208"
"Kartal","Esentepe,Kartal","22382","40.90535","29.19094"
"Kartal","Gumuspinar,Kartal","19831","40.92093","29.2091"
"Kartal","Hurriyet,Kartal","36854","40.90481","29.23373"
"Kartal","Karliktepe,Kartal","26628","40.89765","29.19155"
"Kartal","Kordonboyu,Kartal","10256","40.88706","29.18373"
"Kartal","Orhantepe,Kartal","20608","40.9067","29.15276"
"Kartal","Orta,Kartal","14217","40.91247","29.2071"
"Kartal","Petrol İs,Kartal","23881","40.89766","29.17992"
"Kartal","Soganlik Yeni,Kartal","21560","40.9175","29.19313"
"Kartal","Topselvi,Kartal","9296","40.89837","29.2145"
"Kartal","Ugur Mumcu,Kartal","32330","40.93251","29.2138"
"Kartal","Yakacik carsi,Kartal","12680","40.91816","29.23091"
"Kartal","Yakacik Yeni,Kartal","13105","40.92384","29.2211"
"Kartal","Yali,Kartal","9287","40.89437","29.2204"
"Kartal","Yukari,Kartal","6439","40.89225","29.18415"
"Kartal","Yunus,Kartal","11511","40.89137","29.21228"
"Kucukcekmece","Atakent,Kucukcekmece","72145","41.05533","28.78061"
"Kucukcekmece","Ataturk,Kucukcekmece","30689","41.05553","28.79828"
"Kucukcekmece","Besyol,Kucukcekmece","2535","40.99204","28.79808"
"Kucukcekmece","Cennet,Kucukcekmece","24395","40.99162","28.78029"
"Kucukcekmece","Cumhuriyet,Kucukcekmece","40350","41.00117","28.77656"
"Kucukcekmece","Fatih,Kucukcekmece","9025","40.98618","28.77073"
"Kucukcekmece","Fevzi cakmak,Kucukcekmece","19481","41.00776","28.78954"
"Kucukcekmece","Gultepe,Kucukcekmece","23606","40.99481","28.79128"
"Kucukcekmece","Halkali Merkez,Kucukcekmece","56841","41.03739","28.79682"
"Kucukcekmece","İnonu,Kucukcekmece","52969","41.02274","28.80041"
"Kucukcekmece","İstasyon,Kucukcekmece","30106","41.02843","28.77121"
"Kucukcekmece","Kanarya,Kucukcekmece","47355","41.01357","28.77999"
"Kucukcekmece","Kartaltepe,Kucukcekmece","10227","41.003","28.80431"
"Kucukcekmece","Kemalpasa,Kucukcekmece","11305","41.00232","28.79469"
"Kucukcekmece","Mehmet Akif,Kucukcekmece","37529","41.05713","28.80547"
"Kucukcekmece","Sogutlu cesme,Kucukcekmece","24143","41.02121","28.78665"
"Kucukcekmece","Sultan Murat,Kucukcekmece","11362","41.00221","28.78712"
"Kucukcekmece","Tevfikbey,Kucukcekmece","27494","41.01076","28.80163"
"Kucukcekmece","Yarimburgaz,Kucukcekmece","6917","41.05028","28.75098"
"Kucukcekmece","Yeni Mahalle,Kucukcekmece","15914","40.9968","28.77879"
"Kucukcekmece","Yesilova,Kucukcekmece","26199","40.99277","28.78704"
"Maltepe","Altaycesme,Maltepe","25566","40.93287","29.13428"
"Maltepe","Altintepe,Maltepe","27283","40.95198","29.10269"
"Maltepe","Aydinevler,Maltepe","15192","40.94974","29.12277"
"Maltepe","Baglarbasi,Maltepe","35292","40.93355","29.13862"
"Maltepe","Basibuyuk,Maltepe","15980","40.95886","29.14669"
"Maltepe","Buyukbakkalkoy,Maltepe","9763","40.97223","29.20085"
"Maltepe","Cevizli,Maltepe","30340","40.91785","29.16111"
"Maltepe","cinar,Maltepe","16974","40.94375","29.11405"
"Maltepe","Esenkent,Maltepe","16554","40.92395","29.15812"
"Maltepe","Feyzullah,Maltepe","16891","40.93349","29.12545"
"Maltepe","Findikli,Maltepe","46336","40.97258","29.14406"
"Maltepe","Girne,Maltepe","13958","40.93882","29.13571"
"Maltepe","Gulensu,Maltepe","11297","40.93589","29.15829"
"Maltepe","Gulsuyu,Maltepe","11468","40.93207","29.15431"
"Maltepe","İdealtepe,Maltepe","20425","40.94081","29.12113"
"Maltepe","Kucukyali Merkez,Maltepe","22241","40.94803","29.10404"
"Maltepe","Yali,Maltepe","10441","40.91494","29.1416"
"Maltepe","Zumrutevler,Maltepe","65585","40.93436","29.14225"
"Pendik","Ramazanoglu,Pendik","2019","40.8991","29.28614"
"Pendik","Sanayi,Pendik","2263","40.90515","29.30503"
"Pendik","Orta,Pendik","4357","40.88819","29.24095"
"Pendik","Yesilbaglar,Pendik","4811","40.89302","29.22816"
"Pendik","Harmandere,Pendik","6167","40.93249","29.3254"
"Pendik","Yayalar,Pendik","9137","40.90335","29.27065"
"Pendik","Sapan Baglari,Pendik","9324","40.8852","29.22318"
"Pendik","Esenyali,Pendik","9830","40.86145","29.29415"
"Pendik","Ertugrul Gazi,Pendik","9944","40.92137","29.2577"
"Pendik","Bahcelievler,Pendik","10029","40.88274","29.23381"
"Pendik","Bati,Pendik","11404","40.87592","29.22768"
"Pendik","Gullu Baglar,Pendik","11650","40.89673","29.27447"
"Pendik","camlik,Pendik","12349","40.92634","29.27361"
"Pendik","Yeni,Pendik","12671","40.88426","29.22763"
"Pendik","Dogu,Pendik","12729","40.87876","29.24031"
"Pendik","seyhli,Pendik","13329","40.90511","29.28652"
"Pendik","Fatih,Pendik","14850","40.86778","29.29901"
"Pendik","cinardere,Pendik","15170","40.89418","29.24124"
"Pendik","Suluntepe,Pendik","16997","40.9153","29.27768"
"Pendik","Dumlupinar,Pendik","19481","40.88463","29.24599"
"Pendik","Orhangazi,Pendik","19824","40.86813","29.29265"
"Pendik","Ahmet Yesevi,Pendik","20077","40.86831","29.30836"
"Pendik","Esenler,Pendik","22878","40.88898","29.27242"
"Pendik","camcesme,Pendik","22976","40.87369","29.27256"
"Pendik","Guzelyali,Pendik","24707","40.85936","29.28015"
"Pendik","Kurtkoy,Pendik","25428","40.91474","29.30214"
"Pendik","Fevzi cakmak,Pendik","27538","40.88237","29.26566"
"Pendik","Velibaba,Pendik","27864","40.90365","29.2547"
"Pendik","Kaynarca,Pendik","35709","40.87372","29.25842"
"Pendik","Kavakpinar,Pendik","43641","40.88093","29.28155"
"Pendik","Yenisehir,Pendik","45723","40.93398","29.30982"
"Sancaktepe","Abdurrahmangazi,Sancaktepe","26768","40.98633","29.22853"
"Sancaktepe","Akpinar,Sancaktepe","15074","40.96918","29.22969"
"Sancaktepe","Ataturk,Sancaktepe","21383","41.01287","29.22581"
"Sancaktepe","Emek,Sancaktepe","17634","41.00062","29.19551"
"Sancaktepe","Eyup Sultan,Sancaktepe","14739","40.98297","29.22269"
"Sancaktepe","Fatih,Sancaktepe","24114","40.95967","29.21573"
"Sancaktepe","Hilal,Sancaktepe","3822","41.02264","29.25957"
"Sancaktepe","İnonu,Sancaktepe","17590","41.01347","29.21099"
"Sancaktepe","Kemal Turkler,Sancaktepe","14979","41.00714","29.21751"
"Sancaktepe","Meclis,Sancaktepe","19504","41.01051","29.2048"
"Sancaktepe","Merve,Sancaktepe","13278","41.00764","29.24084"
"Sancaktepe","Mevlana,Sancaktepe","12734","41.01189","29.25901"
"Sancaktepe","Osmangazi,Sancaktepe","31269","40.99018","29.2504"
"Sancaktepe","Pasakoy,Sancaktepe","1236","41.00908","29.28492"
"Sancaktepe","Safa,Sancaktepe","14647","41.01147","29.24772"
"Sancaktepe","Sarigazi,Sancaktepe","16331","41.0069","29.21076"
"Sancaktepe","Veysel Karani,Sancaktepe","16960","40.97156","29.24264"
"Sancaktepe","Yenidogan,Sancaktepe","15943","41.01696","29.23943"
"Sancaktepe","Yunus Emre,Sancaktepe","16425","41.01797","29.24518"
"Sariyer","Rumelifeneri,Sariyer","1969","41.23341","29.10944"
"Sariyer","Gumusdere,Sariyer","2676","41.23682","28.98455"
"Sariyer","Yeni,Sariyer","2792","41.17143","29.06148"
"Sariyer","Kumkoy Kilyos,Sariyer","2847","41.24662","29.03728"
"Sariyer","Bahcekoy Merkez,Sariyer","2917","41.17823","28.99186"
"Sariyer","Rumelikavagi,Sariyer","2978","41.18165","29.07413"
"Sariyer","Kocatas,Sariyer","3533","41.1676","29.03636"
"Sariyer","Bahcekoy Yeni,Sariyer","3863","41.17858","28.99463"
"Sariyer","Ptt Evleri,Sariyer","3909","41.15994","29.01922"
"Sariyer","cayirbasi,Sariyer","3990","41.15605","29.031"
"Sariyer","Baltalimani,Sariyer","4127","41.09542","29.04967"
"Sariyer","camlitepe,Sariyer","4554","41.13003","29.02916"
"Sariyer","Poligon,Sariyer","5132","41.11764","29.04174"
"Sariyer","Kirecburnu,Sariyer","5588","41.14815","29.046"
"Sariyer","Huzur,Sariyer","5659","41.10924","28.99937"
"Sariyer","Kazim Karabekir Pasa,Sariyer","6425","41.15996","29.02539"
"Sariyer","Uskumrukoy,Sariyer","6902","41.22076","29.02526"
"Sariyer","Emirgan,Sariyer","6975","41.10434","29.05654"
"Sariyer","Darussafaka,Sariyer","7179","41.1272","29.03287"
"Sariyer","Rumelihisari,Sariyer","7187","41.08787","29.05048"
"Sariyer","Buyukdere,Sariyer","7371","41.16012","29.04216"
"Sariyer","Maslak,Sariyer","8022","41.11503","29.02299"
"Sariyer","Pinar,Sariyer","8489","41.1144","29.03223"
"Sariyer","Cumhuriyet,Sariyer","8652","41.14706","29.03608"
"Sariyer","Sariyer Merkez,Sariyer","10149","41.17048","29.05712"
"Sariyer","Maden,Sariyer","10872","41.17827","29.04916"
"Sariyer","Resitpasa,Sariyer","11580","41.11078","29.04002"
"Sariyer","Ferahevler,Sariyer","11944","41.12956","29.04274"
"Sariyer","Yenikoy,Sariyer","12264","41.12486","29.06032"
"Sariyer","Fatih Sultan Mehmet,Sariyer","12319","41.09319","29.03984"
"Sariyer","İstinye,Sariyer","12468","41.1207","29.04719"
"Sariyer","Tarabya,Sariyer","14513","41.13783","29.05313"
"Sariyer","Zekeriyakoy,Sariyer","15845","41.20921","29.02186"
"Sariyer","Ayazaga,Sariyer","26900","41.11508","28.99874"
"Silivri","İsmetpasa,Silivri","2427","41.09936","28.01052"
"Silivri","Fevzipasa,Silivri","2482","41.09209","28.01408"
"Silivri","Buyuk cavuslu,Silivri","2542","41.24031","28.06581"
"Silivri","Balaban,Silivri","2794","41.07963","28.07957"
"Silivri","Ortakoy,Silivri","2984","41.10027","28.37574"
"Silivri","Sancaktepe,Silivri","4068","41.06635","28.11552"
"Silivri","Fatih,Silivri","5367","41.07117","28.24774"
"Silivri","Cumhuriyet,Silivri","6042","41.06918","28.27409"
"Silivri","Gumusyaka,Silivri","6469","41.04651","28.04155"
"Silivri","Piri Mehmet Pasa,Silivri","6796","41.07721","28.24472"
"Silivri","Mimar Sinan,Silivri","12226","41.08109","28.22395"
"Silivri","Alibey,Silivri","14054","41.07289","28.25042"
"Silivri","Selimpasa,Silivri","15905","41.05545","28.36776"
"Silivri","Semizkumlar,Silivri","27136","41.07522","28.16233"
"Silivri","Yeni,Silivri","28926","41.07667","28.25102"
"Sisli","19 mayis,sisli","9133","41.05984","28.9909"
"Sisli","Bozkurt,sisli","9191","41.05032","28.98602"
"Sisli","Cumhuriyet,sisli","6245","41.05632","28.98234"
"Sisli","Duatepe,sisli","6830","41.05405","28.97897"
"Sisli","Ergenekon,sisli","2152","41.04816","28.9867"
"Sisli","Esentepe,sisli","6015","41.06866","29.00821"
"Sisli","Eskisehir,sisli","9574","41.04397","28.97967"
"Sisli","Ferikoy,sisli","11918","41.04936","28.97891"
"Sisli","Fulya,sisli","14351","41.0652","28.99592"
"Sisli","Gulbahar,sisli","18772","41.07285","28.99898"
"Sisli","Halaskargazi,sisli","1362","41.0526","28.98797"
"Sisli","Halide Edip Adivar,sisli","13417","41.06101","28.97663"
"Sisli","Halil Rifat Pasa,sisli","4023","41.05761","28.96876"
"Sisli","Harbiye,sisli","1898","41.04217","28.98929"
"Sisli","İnonu,sisli","3081","41.04234","28.98259"
"Sisli","İzzet Pasa,sisli","6269","41.06971","28.98704"
"Sisli","Kaptanpasa,sisli","2682","41.0663","28.97541"
"Sisli","Kustepe,sisli","11854","41.07362","28.99071"
"Sisli","Mahmut sevket Pasa,sisli","14211","41.05199","28.96466"
"Sisli","Mecidiyekoy,sisli","17397","41.07068","28.99684"
"Sisli","Merkez,sisli","11492","41.06572","28.9871"
"Sisli","Mesrutiyet,sisli","6350","41.05591","28.99122"
"Sisli","Pasa,sisli","14940","41.05344","28.97442"
"Sisli","Tesvikiye,sisli","9724","41.05289","29.00047"
"Sisli","Yayla,sisli","8739","41.04708","28.9751"
"Sultanbeyli","Abdurrahmangazi,Sultanbeyli","19590","40.96399","29.26112"
"Sultanbeyli","Adil,Sultanbeyli","19061","40.97611","29.25886"
"Sultanbeyli","Ahmet Yesevi,Sultanbeyli","19582","40.96852","29.27199"
"Sultanbeyli","Aksemsettin,Sultanbeyli","8469","40.94724","29.29866"
"Sultanbeyli","Battalgazi,Sultanbeyli","22696","40.98001","29.274"
"Sultanbeyli","Fatih,Sultanbeyli","13625","40.95135","29.26944"
"Sultanbeyli","Hamidiye,Sultanbeyli","17020","40.95605","29.28526"
"Sultanbeyli","Hasanpasa,Sultanbeyli","11504","40.96654","29.24864"
"Sultanbeyli","Mecidiye,Sultanbeyli","14511","40.95756","29.29817"
"Sultanbeyli","Mehmet Akif,Sultanbeyli","18283","40.96122","29.26464"
"Sultanbeyli","Mimar Sinan,Sultanbeyli","14565","40.99424","29.26869"
"Sultanbeyli","Necip Fazil,Sultanbeyli","11979","40.93869","29.27488"
"Sultanbeyli","Orhangazi,Sultanbeyli","9924","40.94144","29.28996"
"Sultanbeyli","Turgut Reis,Sultanbeyli","13098","40.96748","29.27939"
"Sultanbeyli","Yavuz Selim,Sultanbeyli","12859","40.94768","29.27584"
"Sultangazi","50. Yil,Sultangazi","48299","41.09261","28.87011"
"Sultangazi","75. Yil,Sultangazi","22646","41.09628","28.9053"
"Sultangazi","Cebeci,Sultangazi","42065","41.11347","28.85955"
"Sultangazi","Cumhuriyet,Sultangazi","9731","41.08702","28.87701"
"Sultangazi","Esentepe,Sultangazi","40792","41.09991","28.88331"
"Sultangazi","Eski Habipler,Sultangazi","7753","41.13307","28.83371"
"Sultangazi","Gazi,Sultangazi","25574","41.10351","28.89831"
"Sultangazi","Habibler,Sultangazi","5218","41.13424","28.84469"
"Sultangazi","İsmetpasa,Sultangazi","36913","41.10681","28.85552"
"Sultangazi","Malkocoglu,Sultangazi","9030","41.11456","28.85096"
"Sultangazi","Sultanciftligi,Sultangazi","26592","41.10059","28.86095"
"Sultangazi","Ugur Mumcu,Sultangazi","30024","41.10007","28.86846"
"Sultangazi","Yayla,Sultangazi","5479","41.14829","28.85318"
"Sultangazi","Yunus Emre,Sultangazi","35107","41.09758","28.89283"
"Sultangazi","Zubeyde Hanim,Sultangazi","22413","41.10142","28.90801"
"Tuzla","Akfirat,Tuzla","1796","40.9258","29.42127"
"Tuzla","Anadolu,Tuzla","586","40.90416","29.37555"
"Tuzla","Aydinli,Tuzla","44730","40.87411","29.33337"
"Tuzla","Aydintepe,Tuzla","19358","40.85362","29.2983"
"Tuzla","Cami,Tuzla","4129","40.81739","29.31384"
"Tuzla","Evliya celebi,Tuzla","9718","40.83834","29.29948"
"Tuzla","Fatih,Tuzla","759","40.92739","29.34244"
"Tuzla","İcmeler,Tuzla","7836","40.84915","29.30486"
"Tuzla","İstasyon,Tuzla","17453","40.82917","29.32218"
"Tuzla","Mescit,Tuzla","3424","40.89826","29.34537"
"Tuzla","Mimar Sinan,Tuzla","18116","40.84104","29.36286"
"Tuzla","Orhanli,Tuzla","1345","40.89702","29.36081"
"Tuzla","Orta,Tuzla","5649","40.90022","29.37993"
"Tuzla","Postane,Tuzla","16346","40.81757","29.28606"
"Tuzla","sifa,Tuzla","20892","40.83234","29.35727"
"Tuzla","Tepeoren,Tuzla","4289","40.90955","29.38962"
"Tuzla","Yayla,Tuzla","22050","40.83614","29.30921"
"Umraniye","Dudullu Osb,umraniye","13","40.99879","29.16946"
"Umraniye","Finanskent,umraniye","727","41.02068","29.12589"
"Umraniye","Saray,umraniye","2134","41.0285","29.11432"
"Umraniye","Fatih Sultan Mehmet,umraniye","3191","41.02473","29.1239"
"Umraniye","Yenisehir,umraniye","5003","40.99355","29.14628"
"Umraniye","Hekimbasi,umraniye","6031","41.05914","29.09486"
"Umraniye","serifali,umraniye","6554","40.9997","29.14624"
"Umraniye","Tantavi,umraniye","8499","41.03048","29.08705"
"Umraniye","Huzur,umraniye","8680","41.02948","29.16097"
"Umraniye","Dumlupinar,umraniye","9029","41.04863","29.09366"
"Umraniye","Asagi Dudullu,umraniye","10006","41.0241","29.16619"
"Umraniye","Topagaci,umraniye","10262","41.05125","29.1033"
"Umraniye","Tepeustu,umraniye","10279","41.01718","29.13261"
"Umraniye","Yamanevler,umraniye","10843","41.02732","29.10312"
"Umraniye","Madenler,umraniye","11211","41.01244","29.18859"
"Umraniye","Parseller,umraniye","11363","41.03098","29.15384"
"Umraniye","Kazim Karabekir,umraniye","11850","41.04228","29.10567"
"Umraniye","ihlamurkuyu,umraniye","11993","41.02358","29.13579"
"Umraniye","Adem Yavuz,umraniye","12258","41.02103","29.15442"
"Umraniye","Esenkent,umraniye","13969","40.99821","29.18285"
"Umraniye","Esensehir,umraniye","14204","41.00529","29.16605"
"Umraniye","Yukari Dudullu,umraniye","14972","41.00972","29.15568"
"Umraniye","Elmalikent,umraniye","15816","41.03917","29.09625"
"Umraniye","Site,umraniye","15941","41.00662","29.10155"
"Umraniye","Tatlisu,umraniye","15992","41.00234","29.13362"
"Umraniye","Cemil Meric,umraniye","16052","41.0224","29.14428"
"Umraniye","Atakent,umraniye","16130","41.0186","29.10918"
"Umraniye","camlik,umraniye","17678","41.00479","29.12457"
"Umraniye","Mehmet Akif,umraniye","18489","41.00802","29.13703"
"Umraniye","Esenevler,umraniye","19006","41.01346","29.09208"
"Umraniye","Ataturk,umraniye","19157","41.02716","29.09141"
"Umraniye","Necip Fazil,umraniye","20310","41.01784","29.17326"
"Umraniye","Altinsehir,umraniye","21163","41.01219","29.1432"
"Umraniye","İnkilap,umraniye","22217","41.0421","29.1137"
"Umraniye","Namik Kemal,umraniye","22509","41.02061","29.09207"
"Umraniye","cakmak,umraniye","28196","41.01569","29.12583"
"Umraniye","Armaganevler,umraniye","29991","41.01608","29.11483"
"Umraniye","İstiklal,umraniye","36430","41.01976","29.10097"
"Uskudar","Acibadem,uskudar","20265","41.00809","29.05226"
"Uskudar","Ahmediye,uskudar","7710","41.02031","29.01676"
"Uskudar","Altunizade,uskudar","11095","41.0196","29.04515"
"Uskudar","Aziz Mahmut Hudayi,uskudar","7407","41.02302","29.00868"
"Uskudar","Bahcelievler,uskudar","17316","41.05862","29.07709"
"Uskudar","Barbaros,uskudar","14433","41.01421","29.03412"
"Uskudar","Beylerbeyi,uskudar","4551","41.04629","29.05005"
"Uskudar","Bulgurlu,uskudar","24268","41.01745","29.07428"
"Uskudar","Burhaniye,uskudar","12909","41.03128","29.04809"
"Uskudar","cengelkoy,uskudar","10906","41.04968","29.05947"
"Uskudar","Cumhuriyet,uskudar","28752","41.0114","29.08318"
"Uskudar","Ferah,uskudar","15709","41.03262","29.07345"
"Uskudar","Guzeltepe,uskudar","10247","41.04682","29.07247"
"Uskudar","İcadiye,uskudar","13943","41.02883","29.0325"
"Uskudar","Kandilli,uskudar","1246","41.07401","29.05656"
"Uskudar","Kirazlitepe,uskudar","6683","41.03643","29.06477"
"Uskudar","Kisikli,uskudar","15279","41.02667","29.07077"
"Uskudar","Kucuk camlica,uskudar","8017","41.01453","29.06549"
"Uskudar","Kucuksu,uskudar","15118","41.07216","29.072"
"Uskudar","Kuleli,uskudar","1876","41.05836","29.05901"
"Uskudar","Kupluce,uskudar","13214","41.0384","29.05431"
"Uskudar","Kuzguncuk,uskudar","3549","41.03322","29.0319"
"Uskudar","Mehmet Akif Ersoy,uskudar","15540","41.04233","29.06945"
"Uskudar","Mimar Sinan,uskudar","9688","41.02515","29.01314"
"Uskudar","Muratreis,uskudar","11367","41.02132","29.02655"
"Uskudar","Salacak,uskudar","8040","41.01439","29.01177"
"Uskudar","Selami Ali,uskudar","10672","41.02392","29.03037"
"Uskudar","Selimiye,uskudar","6758","41.01019","29.01651"
"Uskudar","Sultantepe,uskudar","9181","41.02854","29.02126"
"Uskudar","unalan,uskudar","26698","41.00159","29.06811"
"Uskudar","Valide-i atik,uskudar","17376","41.01923","29.02393"
"Uskudar","Yavuzturk,uskudar","24570","41.03853","29.08481"
"Uskudar","Zeynep Kamil,uskudar","10017","41.01512","29.02543"
"Zeytinburnu","Bestelsiz,Zeytinburnu","16165","40.99832","28.90579"
"Zeytinburnu","cirpici,Zeytinburnu","20117","41.00106","28.89764"
"Zeytinburnu","Gokalp,Zeytinburnu","15084","40.99287","28.90817"
"Zeytinburnu","Kazlicesme,Zeytinburnu","1970","40.98615","28.90771"
"Zeytinburnu","Maltepe,Zeytinburnu","5711","41.02753","28.91011"
"Zeytinburnu","Merkezefendi,Zeytinburnu","17273","41.01504","28.91343"
"Zeytinburnu","Nuripasa,Zeytinburnu","20483","40.9867","28.9021"
"Zeytinburnu","Seyitnizam,Zeytinburnu","17338","41.00696","28.89913"
"Zeytinburnu","Sumer,Zeytinburnu","27175","40.98702","28.89542"
"Zeytinburnu","Telsiz,Zeytinburnu","27071","40.99957","28.91269"
"Zeytinburnu","Veliefendi,Zeytinburnu","19440","40.99685","28.90031"
"Zeytinburnu","Yenidogan,Zeytinburnu","8148","40.98892","28.90569"
"Zeytinburnu","Yesiltepe,Zeytinburnu","15636","40.99255","28.90036"
