"borough","neighborhood","neighborhood_pop"
"Adalar","Burgazada","1418"
"Adalar","Heybeliada","3837"
"Adalar","Kinaliada","1731"
"Adalar","Maden","3916"
"Adalar","Nizam","3048"
"Arnavutkoy","Adnan Menderes","2875"
"Arnavutkoy","Anadolu","26250"
"Arnavutkoy","Arnavutkoy Merkez","14495"
"Arnavutkoy","Ataturk","5543"
"Arnavutkoy","Baklali","704"
"Arnavutkoy","Balaban","412"
"Arnavutkoy","Bogazkoy İstiklal","6850"
"Arnavutkoy","Bolluca","4873"
"Arnavutkoy","Boyalik","580"
"Arnavutkoy","cilingir","829"
"Arnavutkoy","Deliklikaya","4610"
"Arnavutkoy","Dursunkoy","364"
"Arnavutkoy","Durusu","571"
"Arnavutkoy","Fatih","1971"
"Arnavutkoy","Hacimasli","481"
"Arnavutkoy","Hadimkoy","17016"
"Arnavutkoy","Haracci","6253"
"Arnavutkoy","Hastane","6909"
"Arnavutkoy","Hicret","2223"
"Arnavutkoy","İmrahor","6864"
"Arnavutkoy","İslambey","14774"
"Arnavutkoy","Karaburun","1463"
"Arnavutkoy","Karlibayir","6509"
"Arnavutkoy","Maresal Fevzi cakmak","3501"
"Arnavutkoy","Mavigol","5582"
"Arnavutkoy","Mehmet Akif Ersoy","4225"
"Arnavutkoy","Mustafa Kemal Pasa","9511"
"Arnavutkoy","Nenehatun","5946"
"Arnavutkoy","omerli","4629"
"Arnavutkoy","Sazlibosna","883"
"Arnavutkoy","Tasoluk","4664"
"Arnavutkoy","Tayakadin","2253"
"Arnavutkoy","Terkos","734"
"Arnavutkoy","Yassioren","447"
"Arnavutkoy","Yavuz Selim","7396"
"Arnavutkoy","Yenikoy","1204"
"Arnavutkoy","Yesilbayir","478"
"Arnavutkoy","Yunus Emre","10863"
"Atasehir","Asikveysel","9905"
"Atasehir","Ataturk","25040"
"Atasehir","Barbaros","23647"
"Atasehir","Esatpasa","24050"
"Atasehir","Ferhatpasa","14817"
"Atasehir","Fetih","9249"
"Atasehir","İcerenkoy","59174"
"Atasehir","İnonu","21962"
"Atasehir","Kayisdagi","32009"
"Atasehir","Kucukbakkalkoy","23148"
"Atasehir","Mevlana","13883"
"Atasehir","Mimar Sinan","6925"
"Atasehir","Mustafa Kemal","10939"
"Atasehir","ornek","22724"
"Atasehir","Yeni camlica","9768"
"Atasehir","Yenisahra","7696"
"Atasehir","Yenisehir","10103"
"Avcilar","Ambarli","29013"
"Avcilar","Cihangir","49117"
"Avcilar","Denizkoskler","34455"
"Avcilar","Firuzkoy","17141"
"Avcilar","Gumuspala","30787"
"Avcilar","Merkez","24139"
"Avcilar","Mustafa Kemalpasa","34941"
"Avcilar","Tahtakale","41120"
"Avcilar","universite","16383"
"Avcilar","Yesilkent","47895"
"Bagcilar","100. Yil","32532"
"Bagcilar","15 temmuz","34960"
"Bagcilar","Baglar","12145"
"Bagcilar","Barbaros","14861"
"Bagcilar","cinar","25354"
"Bagcilar","Demirkapi","36866"
"Bagcilar","Fatih","29500"
"Bagcilar","Fevzi cakmak","23378"
"Bagcilar","Goztepe","26824"
"Bagcilar","Gunesli","33912"
"Bagcilar","Hurriyet","19716"
"Bagcilar","İnonu","17204"
"Bagcilar","Kazim Karabekir","19812"
"Bagcilar","Kemalpasa","23311"
"Bagcilar","Kirazli","29657"
"Bagcilar","Mahmutbey","17908"
"Bagcilar","Merkez","19408"
"Bagcilar","Sancaktepe","14142"
"Bagcilar","Yavuz Selim","20449"
"Bagcilar","Yenigun","15967"
"Bagcilar","Yenimahalle","24978"
"Bagcilar","Yildiztepe","27189"
"Bahcelievler","Bahcelievler","46620"
"Bahcelievler","cobancesme","24836"
"Bahcelievler","Cumhuriyet","29948"
"Bahcelievler","Fevzi cakmak","18951"
"Bahcelievler","Hurriyet","35663"
"Bahcelievler","Kocasinan Merkez","53111"
"Bahcelievler","sirinevler","47583"
"Bahcelievler","Siyavuspasa","51172"
"Bahcelievler","Soganli","53059"
"Bahcelievler","Yenibosna Merkez","26301"
"Bahcelievler","Zafer","61849"
"Bakirkoy","Atakoy 1. Kisim","1398"
"Bakirkoy","Atakoy 2-5-6. Kisim","11190"
"Bakirkoy","Atakoy 3-4-11. Kisim","6736"
"Bakirkoy","Atakoy 7-8-9-10. Kisim","21187"
"Bakirkoy","Basinkoy","4534"
"Bakirkoy","Cevizlik","4459"
"Bakirkoy","Kartaltepe","30576"
"Bakirkoy","Osmaniye","18904"
"Bakirkoy","Sakizagaci","7161"
"Bakirkoy","senlikkoy","22007"
"Bakirkoy","Yenimahalle","5662"
"Bakirkoy","Yesilkoy","20011"
"Bakirkoy","Yesilyurt","7105"
"Bakirkoy","Zeytinlik","4499"
"Bakirkoy","Zuhuratbaba","18364"
"Basaksehir","Altinsehir","11473"
"Basaksehir","Bahcesehir 1. Kisim","22934"
"Basaksehir","Bahcesehir 2. Kisim","37365"
"Basaksehir","Basak","49899"
"Basaksehir","Basaksehir","44928"
"Basaksehir","Guvercintepe","43507"
"Basaksehir","İkitelli Osb","70"
"Basaksehir","Kayabasi","64773"
"Basaksehir","sahintepe","22249"
"Basaksehir","samlar","885"
"Basaksehir","Ziya Gokalp","19484"
"Bayrampasa","Altintepsi","21884"
"Bayrampasa","Cevatpasa","13970"
"Bayrampasa","İsmet Pasa","11108"
"Bayrampasa","Kartaltepe","33221"
"Bayrampasa","Kocatepe","15628"
"Bayrampasa","Muratpasa","26108"
"Bayrampasa","Orta","11564"
"Bayrampasa","Terazidere","12062"
"Bayrampasa","Vatan","7077"
"Bayrampasa","Yenidogan","14222"
"Bayrampasa","Yildirim","40031"
"Besiktas","Abbasaga","4087"
"Besiktas","Akat","12445"
"Besiktas","Arnavutkoy","3214"
"Besiktas","Balmumcu","2464"
"Besiktas","Bebek","4630"
"Besiktas","Cihannuma","3209"
"Besiktas","Dikilitas","14035"
"Besiktas","Etiler","9348"
"Besiktas","Gayrettepe","11426"
"Besiktas","Konaklar","12240"
"Besiktas","Kultur","4040"
"Besiktas","Kurucesme","2579"
"Besiktas","Levazim","5079"
"Besiktas","Levent","2468"
"Besiktas","Mecidiye","8966"
"Besiktas","Muradiye","4294"
"Besiktas","Nisbetiye","10359"
"Besiktas","Ortakoy","7858"
"Besiktas","Sinanpasa","2024"
"Besiktas","Turkali","8577"
"Besiktas","Ulus","5806"
"Besiktas","Visnezade","5390"
"Besiktas","Yildiz","5400"
"Beykoz","Acarlar","5859"
"Beykoz","Akbaba","2099"
"Beykoz","Alibahadir","574"
"Beykoz","Anadolufeneri","622"
"Beykoz","Anadolu Hisari","2104"
"Beykoz","Anadolu Kavagi","1601"
"Beykoz","Baklaci","2332"
"Beykoz","Bozhane","384"
"Beykoz","camlibahce","4859"
"Beykoz","cengeldere","3785"
"Beykoz","ciftlik","3998"
"Beykoz","cigdem","8925"
"Beykoz","cubuklu","16063"
"Beykoz","Cumhuriyet","1442"
"Beykoz","Dereseki","1260"
"Beykoz","Elmali","2292"
"Beykoz","Fatih","3129"
"Beykoz","Goksu","2304"
"Beykoz","Gollu","194"
"Beykoz","Gorele","1620"
"Beykoz","Goztepe","6982"
"Beykoz","Gumussuyu","10901"
"Beykoz","İncirkoy","13623"
"Beykoz","İshakli","973"
"Beykoz","Kanlica","3389"
"Beykoz","Kavacik","17202"
"Beykoz","Kaynarca","517"
"Beykoz","Kilicli","449"
"Beykoz","Mahmutsevketpasa","1438"
"Beykoz","Merkez","4662"
"Beykoz","ogumce","393"
"Beykoz","ornekkoy","3035"
"Beykoz","Ortacesme","6115"
"Beykoz","Pasabahce","3131"
"Beykoz","Pasamandira","937"
"Beykoz","Polonezkoy","308"
"Beykoz","Poyrazkoy","761"
"Beykoz","Riva","2027"
"Beykoz","Ruzgarlibahce","6075"
"Beykoz","Soguksu","8319"
"Beykoz","Tokatkoy","11503"
"Beykoz","Yalikoy","4152"
"Beykoz","Yavuz Selim","3820"
"Beykoz","Yeni Mahalle","14738"
"Beykoz","Zerzavatci","732"
"Beylikduzu","Adnan Kahveci","73340"
"Beylikduzu","Baris","42404"
"Beylikduzu","Buyuksehir","16731"
"Beylikduzu","Cumhuriyet","17416"
"Beylikduzu","Dereagzi","11526"
"Beylikduzu","Gurpinar","15155"
"Beylikduzu","Kavakli","30930"
"Beylikduzu","Marmara","20766"
"Beylikduzu","Sahil","3776"
"Beylikduzu","Yakuplu","35076"
"Beyoglu","Arap Cami","99"
"Beyoglu","Asmali Mescit","450"
"Beyoglu","Bedrettin","540"
"Beyoglu","Bereketzade","394"
"Beyoglu","Bostan","1659"
"Beyoglu","Bulbul","2649"
"Beyoglu","Camiikebir","2250"
"Beyoglu","catma Mescit","1675"
"Beyoglu","Cihangir","3096"
"Beyoglu","cukur","1766"
"Beyoglu","Emekyemez","169"
"Beyoglu","Evliya celebi","237"
"Beyoglu","Fetihtepe","11111"
"Beyoglu","Firuzaga","3408"
"Beyoglu","Gumussuyu","1613"
"Beyoglu","Haciahmet","10742"
"Beyoglu","Hacimimi","1094"
"Beyoglu","Halicioglu","10141"
"Beyoglu","Huseyinaga","406"
"Beyoglu","İstiklal","3425"
"Beyoglu","Kadimehmet Efendi","7496"
"Beyoglu","Kalyoncu Kullugu","2413"
"Beyoglu","Kamer Hatun","757"
"Beyoglu","Kaptanpasa","14636"
"Beyoglu","Katipmustafa celebi","685"
"Beyoglu","Kececi Piri","10721"
"Beyoglu","Kemankes Karamustafapasa","88"
"Beyoglu","Kilicali Pasa","2174"
"Beyoglu","Kocatepe","1559"
"Beyoglu","Kucuk Piyale","6885"
"Beyoglu","Kulaksiz","7181"
"Beyoglu","Kuloglu","1309"
"Beyoglu","Mueyyetzade","444"
"Beyoglu","omer Avni","1812"
"Beyoglu","ornektepe","7972"
"Beyoglu","Piripasa","12051"
"Beyoglu","Piyalepasa","16647"
"Beyoglu","Purtelas Hasan Efendi","1610"
"Beyoglu","sahkulu","691"
"Beyoglu","sehit Muhtar","1182"
"Beyoglu","Sururi Mehmet Efendi","3419"
"Beyoglu","Sutluce","9524"
"Beyoglu","Tomtom","2184"
"Beyoglu","Yahya Kahya","2782"
"Beyoglu","Yenisehir","4334"
"Buyukcekmece","19 mayis","6596"
"Buyukcekmece","Ahmediye","827"
"Buyukcekmece","Alkent 2000","4100"
"Buyukcekmece","Ataturk","14424"
"Buyukcekmece","Bahcelievler","2863"
"Buyukcekmece","cakmakli","3632"
"Buyukcekmece","Celaliye","4578"
"Buyukcekmece","Cumhuriyet","5809"
"Buyukcekmece","Dizdariye","5246"
"Buyukcekmece","Ekinoba","9910"
"Buyukcekmece","Fatih","15726"
"Buyukcekmece","Guzelce","6080"
"Buyukcekmece","Hurriyet","15109"
"Buyukcekmece","Kamiloba","6079"
"Buyukcekmece","Karaagac","2659"
"Buyukcekmece","Kumburgaz","5928"
"Buyukcekmece","Mimaroba","14236"
"Buyukcekmece","Mimarsinan","6611"
"Buyukcekmece","Murat cesme","11935"
"Buyukcekmece","Pinartepe","15044"
"Buyukcekmece","Sinanoba","11991"
"Buyukcekmece","Turkoba","9405"
"Buyukcekmece","Ulus","11403"
"Buyukcekmece","Yenimahalle","1640"
"Catalca","Akalan","853"
"Catalca","Ataturk","973"
"Catalca","Aydinlar","739"
"Catalca","Bahsayis","330"
"Catalca","Basak","310"
"Catalca","Belgrat","325"
"Catalca","cakil","2026"
"Catalca","canakca","2187"
"Catalca","Celepkoy","230"
"Catalca","ciftlikkoy","1605"
"Catalca","Dagyenice","614"
"Catalca","Elbasan","499"
"Catalca","Fatih","1094"
"Catalca","Ferhatpasa","19256"
"Catalca","Gokceali","1410"
"Catalca","Gumuspinar","773"
"Catalca","Hallacli","1458"
"Catalca","Hisarbeyli","304"
"Catalca","İhsaniye","1412"
"Catalca","İncegiz","694"
"Catalca","İzzettin","935"
"Catalca","Kabakca","1404"
"Catalca","Kaleici","5760"
"Catalca","Kalfa","678"
"Catalca","Karacakoy Merkez","1930"
"Catalca","Karamandere","564"
"Catalca","Kestanelik","1767"
"Catalca","Kizilcaali","184"
"Catalca","Muratbey Merkez","1105"
"Catalca","Nakkas","646"
"Catalca","Oklali","1020"
"Catalca","orcunlu","409"
"Catalca","orencik","798"
"Catalca","Ormanli","870"
"Catalca","Ovayenice","927"
"Catalca","Subasi","1194"
"Catalca","Yalikoy","1217"
"Catalca","Yaylacik","59"
"Catalca","Yazlik","311"
"Cekmekoy","Alemdag","6268"
"Cekmekoy","Aydinlar","13188"
"Cekmekoy","camlik","15188"
"Cekmekoy","catalmese","8450"
"Cekmekoy","Cumhuriyet","10867"
"Cekmekoy","Eksioglu","5913"
"Cekmekoy","Gungoren","7156"
"Cekmekoy","Hamidiye","21744"
"Cekmekoy","Huseyinli","647"
"Cekmekoy","Kirazlidere","6931"
"Cekmekoy","Kocullu","963"
"Cekmekoy","Mehmet Akif","23045"
"Cekmekoy","Merkez","20083"
"Cekmekoy","Mimar Sinan","18299"
"Cekmekoy","Nisantepe","5504"
"Cekmekoy","omerli","3303"
"Cekmekoy","Resadiye","1768"
"Cekmekoy","Sirapinar","787"
"Cekmekoy","Sogukpinar","6233"
"Cekmekoy","Sultanciftligi","12284"
"Cekmekoy","Tasdelen","7362"
"Esenler","15 temmuz","2758"
"Esenler","Birlik","19876"
"Esenler","cifte Havuzlar","1818"
"Esenler","Davutpasa","12190"
"Esenler","Fatih","30733"
"Esenler","Fevzi cakmak","23345"
"Esenler","Havaalani","24123"
"Esenler","Kazim Karabekir","25773"
"Esenler","Kemer","15699"
"Esenler","Menderes","23228"
"Esenler","Mimar Sinan","10119"
"Esenler","Namik Kemal","11853"
"Esenler","Nine Hatun","30277"
"Esenler","Orucreis","29258"
"Esenler","Tuna","23189"
"Esenler","Turgut Reis","32632"
"Esenler","Yavuz Selim","2796"
"Esenyurt","Akcaburgaz","16017"
"Esenyurt","Akevler","9468"
"Esenyurt","Aksemseddin","5307"
"Esenyurt","Ardicli","5098"
"Esenyurt","Asik Veysel","12277"
"Esenyurt","Ataturk","10346"
"Esenyurt","Baglarcesme","20634"
"Esenyurt","Balikyolu","19386"
"Esenyurt","Barbaros Hayrettin Pasa","19466"
"Esenyurt","Battalgazi","11366"
"Esenyurt","cinar","19692"
"Esenyurt","Cumhuriyet","10764"
"Esenyurt","Esenkent","7241"
"Esenyurt","Fatih","18215"
"Esenyurt","Gokevler","9135"
"Esenyurt","Guzelyurt","12769"
"Esenyurt","Hurriyet","17657"
"Esenyurt","İncirtepe","19301"
"Esenyurt","İnonu","17965"
"Esenyurt","İstiklal","12702"
"Esenyurt","Koza","6485"
"Esenyurt","Mehmet Akif Ersoy","18504"
"Esenyurt","Mehtercesme","26070"
"Esenyurt","Mevlana","11688"
"Esenyurt","Namik Kemal","16848"
"Esenyurt","Necip Fazil Kisakurek","12528"
"Esenyurt","Orhan Gazi","8807"
"Esenyurt","ornek","14134"
"Esenyurt","Osmangazi","21421"
"Esenyurt","Pinar","26489"
"Esenyurt","Piri Reis","11779"
"Esenyurt","Saadetdere","17359"
"Esenyurt","sehitler","11276"
"Esenyurt","Selahaddin Eyyubi","17515"
"Esenyurt","Suleymaniye","22112"
"Esenyurt","Sultaniye","14553"
"Esenyurt","Talatpasa","18615"
"Esenyurt","Turgut ozal","18947"
"Esenyurt","ucevler","18177"
"Esenyurt","Yenikent","16183"
"Esenyurt","Yesilkent","25831"
"Esenyurt","Yunus Emre","14656"
"Esenyurt","Zafer","13662"
"Eyupsultan","Agacli","516"
"Eyupsultan","Akpinar","826"
"Eyupsultan","Aksemsettin","30546"
"Eyupsultan","Alibeykoy","8617"
"Eyupsultan","ciftalan","165"
"Eyupsultan","circir","25949"
"Eyupsultan","Defterdar","3484"
"Eyupsultan","Dugmeciler","13725"
"Eyupsultan","Emniyettepe","7582"
"Eyupsultan","Esentepe","15821"
"Eyupsultan","Gokturk Merkez","28639"
"Eyupsultan","Guzeltepe","31852"
"Eyupsultan","İhsaniye","151"
"Eyupsultan","isiklar","421"
"Eyupsultan","İslambey","12581"
"Eyupsultan","Karadolap","22779"
"Eyupsultan","Merkez","8750"
"Eyupsultan","Mimar Sinan","4035"
"Eyupsultan","Mithatpasa","5035"
"Eyupsultan","Nisanci","12262"
"Eyupsultan","Odayeri","204"
"Eyupsultan","Pirincci","2486"
"Eyupsultan","Rami Cuma","11613"
"Eyupsultan","Rami Yeni","11166"
"Eyupsultan","Sakarya","7873"
"Eyupsultan","Silahtaraga","7303"
"Eyupsultan","Topcular","3928"
"Eyupsultan","Yesilpinar","27909"
"Fatih","Aksaray","8351"
"Fatih","Aksemsettin","18027"
"Fatih","Alemdar","275"
"Fatih","Ali Kuscu","8108"
"Fatih","Atikali","10577"
"Fatih","Ayvansaray","12754"
"Fatih","Balabanaga","121"
"Fatih","Balat","9373"
"Fatih","Beyazit","95"
"Fatih","Binbirdirek","1263"
"Fatih","Cankurtaran","950"
"Fatih","Cerrahpasa","6840"
"Fatih","Cibali","5664"
"Fatih","Demirtas","166"
"Fatih","Dervis Ali","13680"
"Fatih","Emin Sinan","851"
"Fatih","Haci Kadin","258"
"Fatih","Haseki Sultan","8290"
"Fatih","Hirka-i serif","17678"
"Fatih","Hobyar","63"
"Fatih","Hoca Giyasettin","401"
"Fatih","Hocapasa","214"
"Fatih","İskenderpasa","11732"
"Fatih","Kalenderhane","1055"
"Fatih","Karagumruk","8803"
"Fatih","Katip Kasim","1871"
"Fatih","Kemalpasa","511"
"Fatih","Koca Mustafapasa","16595"
"Fatih","Kucuk Ayasofya","1662"
"Fatih","Mercan","41"
"Fatih","Mesihpasa","165"
"Fatih","Mevlanakapi","15467"
"Fatih","Mimar Hayrettin","619"
"Fatih","Mimar Kemalettin","261"
"Fatih","Molla Fenari","91"
"Fatih","Molla Gurani","12904"
"Fatih","Molla Husrev","928"
"Fatih","Muhsine Hatun","1556"
"Fatih","Nisanca","5223"
"Fatih","Rustempasa","16"
"Fatih","Sarac İshak","993"
"Fatih","sehremini","17485"
"Fatih","sehsuvar Bey","1748"
"Fatih","Seyyid omer","20664"
"Fatih","Silivrikapi","12960"
"Fatih","Suleymaniye","452"
"Fatih","Sultan Ahmet","543"
"Fatih","Sumbul Efendi","12732"
"Fatih","Sururi","24"
"Fatih","Tahtakale","15"
"Fatih","Taya Hatun","87"
"Fatih","Topkapi","9038"
"Fatih","Yavuz Sinan","237"
"Fatih","Yavuz Sultan Selim","13241"
"Fatih","Yedikule","13343"
"Fatih","Zeyrek","10353"
"Gaziosmanpasa","Baglarbasi","21695"
"Gaziosmanpasa","Barbaros Hayrettin Pasa","35823"
"Gaziosmanpasa","Fevzi cakmak","17002"
"Gaziosmanpasa","Hurriyet","21372"
"Gaziosmanpasa","Karadeniz","50547"
"Gaziosmanpasa","Karayollari","26643"
"Gaziosmanpasa","Karlitepe","14721"
"Gaziosmanpasa","Kazim Karabekir","31668"
"Gaziosmanpasa","Merkez","22227"
"Gaziosmanpasa","Mevlana","17023"
"Gaziosmanpasa","Pazarici","9538"
"Gaziosmanpasa","Sarigol","19183"
"Gaziosmanpasa","semsipasa","18700"
"Gaziosmanpasa","Yenidogan","6561"
"Gaziosmanpasa","Yeni Mahalle","26595"
"Gaziosmanpasa","Yildiztabya","18577"
"Gungoren","Abdurrahman Nafiz Gurman","17583"
"Gungoren","Akincilar","15422"
"Gungoren","Gencosman","28192"
"Gungoren","Gunestepe","36045"
"Gungoren","Guven","13100"
"Gungoren","Haznedar","16363"
"Gungoren","Maresal cakmak","22791"
"Gungoren","Mehmet Nesih ozmen","7317"
"Gungoren","Merkez","33510"
"Gungoren","Sanayi","9500"
"Gungoren","Tozkoparan","14422"
"Kadikoy","19 mayis","27317"
"Kadikoy","Acibadem","25498"
"Kadikoy","Bostanci","29111"
"Kadikoy","Caddebostan","17930"
"Kadikoy","Caferaga","20397"
"Kadikoy","Dumlupinar","10676"
"Kadikoy","Egitim","11460"
"Kadikoy","Erenkoy","30575"
"Kadikoy","Fenerbahce","17625"
"Kadikoy","Feneryolu","22755"
"Kadikoy","Fikirtepe","9354"
"Kadikoy","Goztepe","34594"
"Kadikoy","Hasanpasa","12754"
"Kadikoy","Kosuyolu","6224"
"Kadikoy","Kozyatagi","31924"
"Kadikoy","Merdivenkoy","29183"
"Kadikoy","Osmanaga","8267"
"Kadikoy","Rasimpasa","11735"
"Kadikoy","Sahrayicedit","26385"
"Kadikoy","Suadiye","22932"
"Kadikoy","Zuhtupasa","7079"
"Kagithane","caglayan","23178"
"Kagithane","celiktepe","26065"
"Kagithane","Emniyet Evleri","6720"
"Kagithane","Gultepe","11039"
"Kagithane","Gursel","23322"
"Kagithane","Hamidiye","28339"
"Kagithane","Harmantepe","16683"
"Kagithane","Hurriyet","15511"
"Kagithane","Mehmet Akif Ersoy","9562"
"Kagithane","Merkez","24192"
"Kagithane","Nurtepe","19858"
"Kagithane","Ortabayir","18193"
"Kagithane","Seyrantepe","17313"
"Kagithane","sirintepe","16244"
"Kagithane","Sultan Selim","27344"
"Kagithane","Talatpasa","25566"
"Kagithane","Telsizler","9030"
"Kagithane","Yahya Kemal","12225"
"Kagithane","Yesilce","9134"
"Kartal","Atalar","25553"
"Kartal","cavusoglu","12011"
"Kartal","Cevizli","20492"
"Kartal","Cumhuriyet","17418"
"Kartal","Esentepe","22382"
"Kartal","Gumuspinar","19831"
"Kartal","Hurriyet","36854"
"Kartal","Karliktepe","26628"
"Kartal","Kordonboyu","10256"
"Kartal","Orhantepe","20608"
"Kartal","Orta","14217"
"Kartal","Petrol İs","23881"
"Kartal","Soganlik Yeni","21560"
"Kartal","Topselvi","9296"
"Kartal","Ugur Mumcu","32330"
"Kartal","Yakacik carsi","12680"
"Kartal","Yakacik Yeni","13105"
"Kartal","Yali","9287"
"Kartal","Yukari","6439"
"Kartal","Yunus","11511"
"Kucukcekmece","Atakent","72145"
"Kucukcekmece","Ataturk","30689"
"Kucukcekmece","Besyol","2535"
"Kucukcekmece","Cennet","24395"
"Kucukcekmece","Cumhuriyet","40350"
"Kucukcekmece","Fatih","9025"
"Kucukcekmece","Fevzi cakmak","19481"
"Kucukcekmece","Gultepe","23606"
"Kucukcekmece","Halkali Merkez","56841"
"Kucukcekmece","İnonu","52969"
"Kucukcekmece","İstasyon","30106"
"Kucukcekmece","Kanarya","47355"
"Kucukcekmece","Kartaltepe","10227"
"Kucukcekmece","Kemalpasa","11305"
"Kucukcekmece","Mehmet Akif","37529"
"Kucukcekmece","Sogutlu cesme","24143"
"Kucukcekmece","Sultan Murat","11362"
"Kucukcekmece","Tevfikbey","27494"
"Kucukcekmece","Yarimburgaz","6917"
"Kucukcekmece","Yeni Mahalle","15914"
"Kucukcekmece","Yesilova","26199"
"Maltepe","Altaycesme","25566"
"Maltepe","Altintepe","27283"
"Maltepe","Aydinevler","15192"
"Maltepe","Baglarbasi","35292"
"Maltepe","Basibuyuk","15980"
"Maltepe","Buyukbakkalkoy","9763"
"Maltepe","Cevizli","30340"
"Maltepe","cinar","16974"
"Maltepe","Esenkent","16554"
"Maltepe","Feyzullah","16891"
"Maltepe","Findikli","46336"
"Maltepe","Girne","13958"
"Maltepe","Gulensu","11297"
"Maltepe","Gulsuyu","11468"
"Maltepe","İdealtepe","20425"
"Maltepe","Kucukyali Merkez","22241"
"Maltepe","Yali","10441"
"Maltepe","Zumrutevler","65585"
"Pendik","Ahmet Yesevi","20077"
"Pendik","Bahcelievler","10029"
"Pendik","Ballica","457"
"Pendik","Bati","11404"
"Pendik","camcesme","22976"
"Pendik","camlik","12349"
"Pendik","cinardere","15170"
"Pendik","Dogu","12729"
"Pendik","Dumlupinar","19481"
"Pendik","Emirli","171"
"Pendik","Ertugrul Gazi","9944"
"Pendik","Esenler","22878"
"Pendik","Esenyali","9830"
"Pendik","Fatih","14850"
"Pendik","Fevzi cakmak","27538"
"Pendik","Gocbeyli","983"
"Pendik","Gullu Baglar","11650"
"Pendik","Guzelyali","24707"
"Pendik","Harmandere","6167"
"Pendik","Kavakpinar","43641"
"Pendik","Kaynarca","35709"
"Pendik","Kurna","879"
"Pendik","Kurtdogmus","404"
"Pendik","Kurtkoy","25428"
"Pendik","Orhangazi","19824"
"Pendik","Orta","4357"
"Pendik","Ramazanoglu","2019"
"Pendik","Sanayi","2263"
"Pendik","Sapan Baglari","9324"
"Pendik","seyhli","13329"
"Pendik","Suluntepe","16997"
"Pendik","Velibaba","27864"
"Pendik","Yayalar","9137"
"Pendik","Yeni","12671"
"Pendik","Yenisehir","45723"
"Pendik","Yesilbaglar","4811"
"Sancaktepe","Abdurrahmangazi","26768"
"Sancaktepe","Akpinar","15074"
"Sancaktepe","Ataturk","21383"
"Sancaktepe","Emek","17634"
"Sancaktepe","Eyup Sultan","14739"
"Sancaktepe","Fatih","24114"
"Sancaktepe","Hilal","3822"
"Sancaktepe","İnonu","17590"
"Sancaktepe","Kemal Turkler","14979"
"Sancaktepe","Meclis","19504"
"Sancaktepe","Merve","13278"
"Sancaktepe","Mevlana","12734"
"Sancaktepe","Osmangazi","31269"
"Sancaktepe","Pasakoy","1236"
"Sancaktepe","Safa","14647"
"Sancaktepe","Sarigazi","16331"
"Sancaktepe","Veysel Karani","16960"
"Sancaktepe","Yenidogan","15943"
"Sancaktepe","Yunus Emre","16425"
"Sariyer","Ayazaga","26900"
"Sariyer","Bahcekoy Kemer","1809"
"Sariyer","Bahcekoy Merkez","2917"
"Sariyer","Bahcekoy Yeni","3863"
"Sariyer","Baltalimani","4127"
"Sariyer","Buyukdere","7371"
"Sariyer","camlitepe","4554"
"Sariyer","cayirbasi","3990"
"Sariyer","Cumhuriyet","8652"
"Sariyer","Darussafaka","7179"
"Sariyer","Demircikoy","1217"
"Sariyer","Emirgan","6975"
"Sariyer","Fatih Sultan Mehmet","12319"
"Sariyer","Ferahevler","11944"
"Sariyer","Garipce","328"
"Sariyer","Gumusdere","2676"
"Sariyer","Huzur","5659"
"Sariyer","İstinye","12468"
"Sariyer","Kazim Karabekir Pasa","6425"
"Sariyer","Kirecburnu","5588"
"Sariyer","Kisirkaya","301"
"Sariyer","Kocatas","3533"
"Sariyer","Kumkoy Kilyos","2847"
"Sariyer","Maden","10872"
"Sariyer","Maslak","8022"
"Sariyer","Pinar","8489"
"Sariyer","Poligon","5132"
"Sariyer","Ptt Evleri","3909"
"Sariyer","Resitpasa","11580"
"Sariyer","Rumelifeneri","1969"
"Sariyer","Rumelihisari","7187"
"Sariyer","Rumelikavagi","2978"
"Sariyer","Sariyer Merkez","10149"
"Sariyer","Tarabya","14513"
"Sariyer","Uskumrukoy","6902"
"Sariyer","Yenikoy","12264"
"Sariyer","Yeni","2792"
"Sariyer","Zekeriyakoy","15845"
"Sile","Agacdere","88"
"Sile","Agva Merkez","1664"
"Sile","Ahmetli","1720"
"Sile","Akcakese","369"
"Sile","Alacali","522"
"Sile","Avcikoru","85"
"Sile","Balibey","2673"
"Sile","Bickidere","267"
"Sile","Bozgoca","102"
"Sile","Bucakli","313"
"Sile","catakli","204"
"Sile","cavus","7800"
"Sile","cayirbasi","780"
"Sile","celebi","155"
"Sile","cengilli","180"
"Sile","Darlik","141"
"Sile","Degirmencayiri","426"
"Sile","Dogancili","657"
"Sile","Erenler","105"
"Sile","Esenceli","68"
"Sile","Geredeli","569"
"Sile","Goce","558"
"Sile","Gokmasli","186"
"Sile","Goksu","285"
"Sile","Haci Kasim","833"
"Sile","Hacilli","205"
"Sile","Hasanli","214"
"Sile","İmrendere","234"
"Sile","İmrenli","284"
"Sile","İsakoy","135"
"Sile","Kabakoz","529"
"Sile","Kadikoy","168"
"Sile","Kalem","249"
"Sile","Karabeyli","197"
"Sile","Karacakoy","251"
"Sile","Karakiraz","227"
"Sile","Karamandere","252"
"Sile","Kervansaray","276"
"Sile","Kizilca","473"
"Sile","Komurluk","188"
"Sile","Korucu","176"
"Sile","Kumbaba","827"
"Sile","Kurfalli","245"
"Sile","Kurna","168"
"Sile","Mesrutiyet","617"
"Sile","Orucoglu","357"
"Sile","Osmankoy","234"
"Sile","Ovacik","140"
"Sile","Sahilkoy","763"
"Sile","Satmazli","348"
"Sile","Sofular","268"
"Sile","Sogullu","174"
"Sile","Sortullu","93"
"Sile","suayipli","248"
"Sile","Teke","405"
"Sile","Ulupelit","160"
"Sile","uvezli","401"
"Sile","Yaka","220"
"Sile","Yaylali","58"
"Sile","Yazimanayir","180"
"Sile","Yenikoy","364"
"Sile","Yesilvadi","193"
"Silivri","Akoren","1112"
"Silivri","Alibey","14054"
"Silivri","Alipasa","812"
"Silivri","Balaban","2794"
"Silivri","Bekirli","187"
"Silivri","Beyciler","1187"
"Silivri","Buyuk cavuslu","2542"
"Silivri","Buyuk Kilicli","956"
"Silivri","Buyuk Sinekli","358"
"Silivri","cayirdere","1162"
"Silivri","celtik","841"
"Silivri","Cumhuriyet","6042"
"Silivri","Danamandira","877"
"Silivri","Fatih","5367"
"Silivri","Fener","1219"
"Silivri","Fevzipasa","2482"
"Silivri","Gazitepe","975"
"Silivri","Gumusyaka","6469"
"Silivri","Hurriyet","1363"
"Silivri","İsmetpasa","2427"
"Silivri","Kadikoy","1182"
"Silivri","Kavakli","1586"
"Silivri","Kucuk Kilicli","271"
"Silivri","Kucuk Sinekli","140"
"Silivri","Kurfalli","454"
"Silivri","Mimar Sinan","12226"
"Silivri","Ortakoy","2984"
"Silivri","Piri Mehmet Pasa","6796"
"Silivri","Sancaktepe","4068"
"Silivri","Sayalar","746"
"Silivri","Selimpasa","15905"
"Silivri","Semizkumlar","27136"
"Silivri","Seymen","857"
"Silivri","Yeni","28926"
"Silivri","Yolcati","325"
"Sisli","19 mayis","9133"
"Sisli","Bozkurt","9191"
"Sisli","Cumhuriyet","6245"
"Sisli","Duatepe","6830"
"Sisli","Ergenekon","2152"
"Sisli","Esentepe","6015"
"Sisli","Eskisehir","9574"
"Sisli","Ferikoy","11918"
"Sisli","Fulya","14351"
"Sisli","Gulbahar","18772"
"Sisli","Halaskargazi","1362"
"Sisli","Halide Edip Adivar","13417"
"Sisli","Halil Rifat Pasa","4023"
"Sisli","Harbiye","1898"
"Sisli","İnonu","3081"
"Sisli","İzzet Pasa","6269"
"Sisli","Kaptanpasa","2682"
"Sisli","Kustepe","11854"
"Sisli","Mahmut sevket Pasa","14211"
"Sisli","Mecidiyekoy","17397"
"Sisli","Merkez","11492"
"Sisli","Mesrutiyet","6350"
"Sisli","Pasa","14940"
"Sisli","Tesvikiye","9724"
"Sisli","Yayla","8739"
"Sultanbeyli","Abdurrahmangazi","19590"
"Sultanbeyli","Adil","19061"
"Sultanbeyli","Ahmet Yesevi","19582"
"Sultanbeyli","Aksemsettin","8469"
"Sultanbeyli","Battalgazi","22696"
"Sultanbeyli","Fatih","13625"
"Sultanbeyli","Hamidiye","17020"
"Sultanbeyli","Hasanpasa","11504"
"Sultanbeyli","Mecidiye","14511"
"Sultanbeyli","Mehmet Akif","18283"
"Sultanbeyli","Mimar Sinan","14565"
"Sultanbeyli","Necip Fazil","11979"
"Sultanbeyli","Orhangazi","9924"
"Sultanbeyli","Turgut Reis","13098"
"Sultanbeyli","Yavuz Selim","12859"
"Sultangazi","50. Yil","48299"
"Sultangazi","75. Yil","22646"
"Sultangazi","Cebeci","42065"
"Sultangazi","Cumhuriyet","9731"
"Sultangazi","Esentepe","40792"
"Sultangazi","Eski Habipler","7753"
"Sultangazi","Gazi","25574"
"Sultangazi","Habibler","5218"
"Sultangazi","İsmetpasa","36913"
"Sultangazi","Malkocoglu","9030"
"Sultangazi","Sultanciftligi","26592"
"Sultangazi","Ugur Mumcu","30024"
"Sultangazi","Yayla","5479"
"Sultangazi","Yunus Emre","35107"
"Sultangazi","Zubeyde Hanim","22413"
"Tuzla","Akfirat","1796"
"Tuzla","Anadolu","586"
"Tuzla","Aydinli","44730"
"Tuzla","Aydintepe","19358"
"Tuzla","Cami","4129"
"Tuzla","Evliya celebi","9718"
"Tuzla","Fatih","759"
"Tuzla","İcmeler","7836"
"Tuzla","İstasyon","17453"
"Tuzla","Mescit","3424"
"Tuzla","Mimar Sinan","18116"
"Tuzla","Orhanli","1345"
"Tuzla","Orta","5649"
"Tuzla","Postane","16346"
"Tuzla","sifa","20892"
"Tuzla","Tepeoren","4289"
"Tuzla","Yayla","22050"
"Umraniye","Adem Yavuz","12258"
"Umraniye","Altinsehir","21163"
"Umraniye","Armaganevler","29991"
"Umraniye","Asagi Dudullu","10006"
"Umraniye","Atakent","16130"
"Umraniye","Ataturk","19157"
"Umraniye","cakmak","28196"
"Umraniye","camlik","17678"
"Umraniye","Cemil Meric","16052"
"Umraniye","Dudullu Osb","13"
"Umraniye","Dumlupinar","9029"
"Umraniye","Elmalikent","15816"
"Umraniye","Esenevler","19006"
"Umraniye","Esenkent","13969"
"Umraniye","Esensehir","14204"
"Umraniye","Fatih Sultan Mehmet","3191"
"Umraniye","Finanskent","727"
"Umraniye","Hekimbasi","6031"
"Umraniye","Huzur","8680"
"Umraniye","ihlamurkuyu","11993"
"Umraniye","İnkilap","22217"
"Umraniye","İstiklal","36430"
"Umraniye","Kazim Karabekir","11850"
"Umraniye","Madenler","11211"
"Umraniye","Mehmet Akif","18489"
"Umraniye","Namik Kemal","22509"
"Umraniye","Necip Fazil","20310"
"Umraniye","Parseller","11363"
"Umraniye","Saray","2134"
"Umraniye","serifali","6554"
"Umraniye","Site","15941"
"Umraniye","Tantavi","8499"
"Umraniye","Tatlisu","15992"
"Umraniye","Tepeustu","10279"
"Umraniye","Topagaci","10262"
"Umraniye","Yamanevler","10843"
"Umraniye","Yenisehir","5003"
"Umraniye","Yukari Dudullu","14972"
"Uskudar","Acibadem","20265"
"Uskudar","Ahmediye","7710"
"Uskudar","Altunizade","11095"
"Uskudar","Aziz Mahmut Hudayi","7407"
"Uskudar","Bahcelievler","17316"
"Uskudar","Barbaros","14433"
"Uskudar","Beylerbeyi","4551"
"Uskudar","Bulgurlu","24268"
"Uskudar","Burhaniye","12909"
"Uskudar","cengelkoy","10906"
"Uskudar","Cumhuriyet","28752"
"Uskudar","Ferah","15709"
"Uskudar","Guzeltepe","10247"
"Uskudar","İcadiye","13943"
"Uskudar","Kandilli","1246"
"Uskudar","Kirazlitepe","6683"
"Uskudar","Kisikli","15279"
"Uskudar","Kucuk camlica","8017"
"Uskudar","Kucuksu","15118"
"Uskudar","Kuleli","1876"
"Uskudar","Kupluce","13214"
"Uskudar","Kuzguncuk","3549"
"Uskudar","Mehmet Akif Ersoy","15540"
"Uskudar","Mimar Sinan","9688"
"Uskudar","Muratreis","11367"
"Uskudar","Salacak","8040"
"Uskudar","Selami Ali","10672"
"Uskudar","Selimiye","6758"
"Uskudar","Sultantepe","9181"
"Uskudar","unalan","26698"
"Uskudar","Valide-i atik","17376"
"Uskudar","Yavuzturk","24570"
"Uskudar","Zeynep Kamil","10017"
"Zeytinburnu","Bestelsiz","16165"
"Zeytinburnu","cirpici","20117"
"Zeytinburnu","Gokalp","15084"
"Zeytinburnu","Kazlicesme","1970"
"Zeytinburnu","Maltepe","5711"
"Zeytinburnu","Merkezefendi","17273"
"Zeytinburnu","Nuripasa","20483"
"Zeytinburnu","Seyitnizam","17338"
"Zeytinburnu","Sumer","27175"
"Zeytinburnu","Telsiz","27071"
"Zeytinburnu","Veliefendi","19440"
"Zeytinburnu","Yenidogan","8148"
"Zeytinburnu","Yesiltepe","15636"
